texte_normalise,texte,categorie_id,categorie_label
déclaration du gouvernement,déclaration du Gouvernement,vie_politique_procedure,Vie politique & procédure institutionnelle
projet de loi actualisant la programmation militaire pour les années 2024 à 2030 et portant diverses dispositions intéressant la défense,projet de loi actualisant la programmation militaire pour les années 2024 à 2030 et portant diverses dispositions intéressant la défense,defense_europe_affaires_etrangeres,"Défense, Europe & affaires étrangères"
projet de loi autorisant l'approbation de l'accord entre le gouvernement de la république française et le gouvernement de la république du kazakhstan sur la réadmission des personnes,projet de loi autorisant l'approbation de l'accord entre le Gouvernement de la République française et le Gouvernement de la République du Kazakhstan sur la réadmission des personnes,defense_europe_affaires_etrangeres,"Défense, Europe & affaires étrangères"
projet de loi autorisant la ratification de l'accord se rapportant à la convention des nations unies sur le droit de la mer et portant sur la conservation et l'utilisation durable de la diversité biologique marine des zones ne relevant pas de la juridiction nationale,projet de loi autorisant la ratification de l'accord se rapportant à la convention des Nations unies sur le droit de la mer et portant sur la conservation et l'utilisation durable de la diversité biologique marine des zones ne relevant pas de la juridiction nationale,defense_europe_affaires_etrangeres,"Défense, Europe & affaires étrangères"
projet de loi autorisant la ratification du protocole au traité de l'atlantique nord sur l'accession de la république de finlande et la ratification du protocole au traité de l'atlantique nord sur l'accession du royaume de suède (procédure accélérée),projet de loi autorisant la ratification du protocole au Traité de l'Atlantique Nord sur l'accession de la République de Finlande et la ratification du protocole au Traité de l'Atlantique Nord sur l'accession du Royaume de Suède (procédure accélérée),defense_europe_affaires_etrangeres,"Défense, Europe & affaires étrangères"
projet de loi constitutionnelle portant modification du corps électoral pour les élections au congrès et aux assemblées de province de la nouvelle-calédonie,projet de loi constitutionnelle portant modification du corps électoral pour les élections au congrès et aux assemblées de province de la Nouvelle-Calédonie,institutions_collectivites_outre_mer,"Institutions, collectivités & outre-mer"
projet de loi constitutionnelle relatif à la liberté de recourir à l'interruption volontaire de grossesse,projet de loi constitutionnelle relatif à la liberté de recourir à l'interruption volontaire de grossesse,sante_fin_de_vie,Santé & fin de vie
projet de loi constitutionnelle relatif à la nouvelle-calédonie,projet de loi constitutionnelle relatif à la Nouvelle-Calédonie,institutions_collectivites_outre_mer,"Institutions, collectivités & outre-mer"
"projet de loi constitutionnelle, adopté par l'assemblée nationale en deuxième lecture, complétant l'article 1er de la constitution et relatif à la préservation de l'environnement","projet de loi constitutionnelle, adopté par l'Assemblée nationale en deuxième lecture, complétant l'article 1er de la Constitution et relatif à la préservation de l'environnement",ecologie_energie_climat,"Écologie, énergie & climat"
"projet de loi constitutionnelle, adopté par l'assemblée nationale, complétant l'article 1er de la constitution et relatif à la préservation de l'environnement","projet de loi constitutionnelle, adopté par l'Assemblée nationale, complétant l'article 1er de la Constitution et relatif à la préservation de l'environnement",ecologie_energie_climat,"Écologie, énergie & climat"
projet de loi d'approbation des comptes de la sécurité sociale de l'année 2023,projet de loi d'approbation des comptes de la sécurité sociale de l'année 2023,finances_fiscalite,Finances publiques & fiscalité
projet de loi d'approbation des comptes de la sécurité sociale de l'année 2024,projet de loi d'approbation des comptes de la sécurité sociale de l'année 2024,finances_fiscalite,Finances publiques & fiscalité
projet de loi d'approbation des comptes de la sécurité sociale pour l'année 2022,projet de loi d'approbation des comptes de la sécurité sociale pour l'année 2022,finances_fiscalite,Finances publiques & fiscalité
projet de loi d'orientation et de programmation du ministère de l'intérieur (procédure accélérée),projet de loi d'orientation et de programmation du ministère de l'intérieur (procédure accélérée),securite_justice_ordre_public,"Sécurité, justice & ordre public"
projet de loi d'orientation et de programmation du ministère de la justice 2023-2027 (procédure accélérée),projet de loi d'orientation et de programmation du ministère de la justice 2023-2027 (procédure accélérée),securite_justice_ordre_public,"Sécurité, justice & ordre public"
projet de loi d'orientation pour la souveraineté alimentaire et agricole et le renouvellement des générations en agriculture,projet de loi d'orientation pour la souveraineté alimentaire et agricole et le renouvellement des générations en agriculture,agriculture_alimentation,Agriculture & alimentation
projet de loi d'urgence pour la protection et la souveraineté agricoles,projet de loi d'urgence pour la protection et la souveraineté agricoles,agriculture_alimentation,Agriculture & alimentation
projet de loi d'urgence pour mayotte,projet de loi d'urgence pour Mayotte,institutions_collectivites_outre_mer,"Institutions, collectivités & outre-mer"
projet de loi de financement de la sécurité sociale pour 2024,projet de loi de financement de la sécurité sociale pour 2024,finances_fiscalite,Finances publiques & fiscalité
projet de loi de financement de la sécurité sociale pour 2025,projet de loi de financement de la sécurité sociale pour 2025,finances_fiscalite,Finances publiques & fiscalité
projet de loi de financement de la sécurité sociale pour 2026,projet de loi de financement de la sécurité sociale pour 2026,finances_fiscalite,Finances publiques & fiscalité
"projet de loi de financement de la sécurité sociale, adopté par l'assemblée nationale en nouvelle lecture, pour 2021","projet de loi de financement de la sécurité sociale, adopté par l'Assemblée nationale en nouvelle lecture, pour 2021",finances_fiscalite,Finances publiques & fiscalité
"projet de loi de financement de la sécurité sociale, adopté par l'assemblée nationale en nouvelle lecture, pour 2022","projet de loi de financement de la sécurité sociale, adopté par l'Assemblée nationale en nouvelle lecture, pour 2022",finances_fiscalite,Finances publiques & fiscalité
"projet de loi de financement de la sécurité sociale, adopté par l'assemblée nationale, pour 2021","projet de loi de financement de la sécurité sociale, adopté par l'Assemblée nationale, pour 2021",finances_fiscalite,Finances publiques & fiscalité
"projet de loi de financement de la sécurité sociale, adopté par l'assemblée nationale, pour 2022","projet de loi de financement de la sécurité sociale, adopté par l'Assemblée nationale, pour 2022",finances_fiscalite,Finances publiques & fiscalité
"projet de loi de financement de la sécurité sociale, considéré comme adopté par l'assemblée nationale en application de l'article 49, alinéa 3 de la constitution en nouvelle lecture, pour 2023","projet de loi de financement de la sécurité sociale, considéré comme adopté par l'Assemblée nationale en application de l'article 49, alinéa 3 de la Constitution en nouvelle lecture, pour 2023",finances_fiscalite,Finances publiques & fiscalité
"projet de loi de financement de la sécurité sociale, considéré comme adopté par l'assemblée nationale en application de l'article 49, alinéa 3, de la constitution, pour 2023","projet de loi de financement de la sécurité sociale, considéré comme adopté par l'Assemblée nationale en application de l'article 49, alinéa 3, de la Constitution, pour 2023",finances_fiscalite,Finances publiques & fiscalité
"projet de loi de financement de la sécurité sociale, considéré comme adopté par l'assemblée nationale, en application de l'article 49, alinéa 3 de la constitution, pour 2023","projet de loi de financement de la sécurité sociale, considéré comme adopté par l'Assemblée nationale, en application de l'article 49, alinéa 3 de la Constitution, pour 2023",finances_fiscalite,Finances publiques & fiscalité
projet de loi de financement de sécurité sociale pour 2024,projet de loi de financement de sécurité sociale pour 2024,finances_fiscalite,Finances publiques & fiscalité
"projet de loi de financement rectificative de la sécurité sociale pour 2023 dont le sénat a été saisi en application de l'article 47-1, alinéa 2, de la constitution","projet de loi de financement rectificative de la sécurité sociale pour 2023 dont le Sénat a été saisi en application de l'article 47-1, alinéa 2, de la Constitution",solidarites_droits_sociaux,Solidarités & droits sociaux
"projet de loi de financement rectificative de la sécurité sociale, dont le sénat est saisi en application de l'article 47-1, alinéa 2, de la constitution, pour 2023","projet de loi de financement rectificative de la sécurité sociale, dont le Sénat est saisi en application de l'article 47-1, alinéa 2, de la Constitution, pour 2023",solidarites_droits_sociaux,Solidarités & droits sociaux
projet de loi de finances de fin de gestion pour 2023,projet de loi de finances de fin de gestion pour 2023,finances_fiscalite,Finances publiques & fiscalité
projet de loi de finances de fin de gestion pour 2024,projet de loi de finances de fin de gestion pour 2024,finances_fiscalite,Finances publiques & fiscalité
projet de loi de finances de fin de gestion pour 2025,projet de loi de finances de fin de gestion pour 2025,finances_fiscalite,Finances publiques & fiscalité
projet de loi de finances pour 2023,projet de loi de finances pour 2023,finances_fiscalite,Finances publiques & fiscalité
projet de loi de finances pour 2024,projet de loi de finances pour 2024,finances_fiscalite,Finances publiques & fiscalité
projet de loi de finances pour 2025,projet de loi de finances pour 2025,finances_fiscalite,Finances publiques & fiscalité
projet de loi de finances pour 2026,projet de loi de finances pour 2026,finances_fiscalite,Finances publiques & fiscalité
"projet de loi de finances rectificative, adopté par l'assemblée nationale en nouvelle lecture, pour 2021","projet de loi de finances rectificative, adopté par l'Assemblée nationale en nouvelle lecture, pour 2021",finances_fiscalite,Finances publiques & fiscalité
"projet de loi de finances rectificative, adopté par l'assemblée nationale, pour 2020 (4)","projet de loi de finances rectificative, adopté par l'Assemblée nationale, pour 2020 (4)",finances_fiscalite,Finances publiques & fiscalité
"projet de loi de finances rectificative, adopté par l'assemblée nationale, pour 2021","projet de loi de finances rectificative, adopté par l'Assemblée nationale, pour 2021",finances_fiscalite,Finances publiques & fiscalité
"projet de loi de finances, adopté par l'assemblée nationale en nouvelle lecture, pour 2021","projet de loi de finances, adopté par l'Assemblée nationale en nouvelle lecture, pour 2021",finances_fiscalite,Finances publiques & fiscalité
"projet de loi de finances, adopté par l'assemblée nationale en nouvelle lecture, pour 2022","projet de loi de finances, adopté par l'Assemblée nationale en nouvelle lecture, pour 2022",finances_fiscalite,Finances publiques & fiscalité
"projet de loi de finances, adopté par l'assemblée nationale, pour 2021","projet de loi de finances, adopté par l'Assemblée nationale, pour 2021",finances_fiscalite,Finances publiques & fiscalité
"projet de loi de finances, adopté par l'assemblée nationale, pour 2022","projet de loi de finances, adopté par l'Assemblée nationale, pour 2022",finances_fiscalite,Finances publiques & fiscalité
"projet de loi de finances, considéré comme adopté par l'assemblée nationale en application de l'article 49, alinéa 3 de la constitution, en nouvelle lecture, pour 2023","projet de loi de finances, considéré comme adopté par l'Assemblée nationale en application de l'article 49, alinéa 3 de la Constitution, en nouvelle lecture, pour 2023",finances_fiscalite,Finances publiques & fiscalité
projet de loi de lutte contre la vie chère dans les outre-mer,projet de loi de lutte contre la vie chère dans les outre-mer,institutions_collectivites_outre_mer,"Institutions, collectivités & outre-mer"
projet de loi de programmation des finances publiques pour les années 2023 à 2027,projet de loi de programmation des finances publiques pour les années 2023 à 2027,finances_fiscalite,Finances publiques & fiscalité
projet de loi de programmation des finances publiques pour les années 2023 à 2027 (procédure accélérée),projet de loi de programmation des finances publiques pour les années 2023 à 2027 (procédure accélérée),finances_fiscalite,Finances publiques & fiscalité
projet de loi de programmation pour la refondation de mayotte,projet de loi de programmation pour la refondation de Mayotte,institutions_collectivites_outre_mer,"Institutions, collectivités & outre-mer"
"projet de loi de programmation, adopté par l'assemblée nationale après engagement de la procédure accélérée, de la recherche pour les années 2021 à 2030 et portant diverses dispositions relatives à la recherche et à l'enseignement supérieur","projet de loi de programmation, adopté par l'Assemblée nationale après engagement de la procédure accélérée, de la recherche pour les années 2021 à 2030 et portant diverses dispositions relatives à la recherche et à l'enseignement supérieur",education_enfance_jeunesse,"Éducation, enfance & jeunesse"
"projet de loi de ratification de l'accord de partenariat stratégique entre l'union européenne et ses états membres, d'une part, et le canada, d'autre part","projet de loi de ratification de l'accord de partenariat stratégique entre l'Union européenne et ses États membres, d'une part, et le Canada, d'autre part",defense_europe_affaires_etrangeres,"Défense, Europe & affaires étrangères"
projet de loi de règlement du budget et d'approbation des comptes de l'année 2021,projet de loi de règlement du budget et d'approbation des comptes de l'année 2021,finances_fiscalite,Finances publiques & fiscalité
projet de loi de règlement du budget et d'approbation des comptes de l'année 2022,projet de loi de règlement du budget et d'approbation des comptes de l'année 2022,finances_fiscalite,Finances publiques & fiscalité
projet de loi de simplification de la vie économique,projet de loi de simplification de la vie économique,travail_economie_entreprises,"Travail, économie & entreprises"
projet de loi de sécurisation du travail le 1er mai des salariés volontaires des boulangers-pâtissiers artisanaux et des artisans fleuristes grâce au dialogue social de branche,projet de loi de sécurisation du travail le 1er mai des salariés volontaires des boulangers-pâtissiers artisanaux et des artisans fleuristes grâce au dialogue social de branche,travail_economie_entreprises,"Travail, économie & entreprises"
projet de loi organique modifiant la loi organique n° 2010-837 du 23 juillet 2010 relative à l'application du cinquième alinéa de l'article 13 de la constitution,projet de loi organique modifiant la loi organique n° 2010-837 du 23 juillet 2010 relative à l'application du cinquième alinéa de l'article 13 de la Constitution,institutions_collectivites_outre_mer,"Institutions, collectivités & outre-mer"
projet de loi organique modifiant la loi organique n° 2010-837 du 23 juillet 2010 relative à l'application du cinquième alinéa de l'article 13 de la constitution (procédure accélérée),projet de loi organique modifiant la loi organique n° 2010-837 du 23 juillet 2010 relative à l'application du cinquième alinéa de l'article 13 de la Constitution (procédure accélérée),institutions_collectivites_outre_mer,"Institutions, collectivités & outre-mer"
projet de loi organique portant report du renouvellement général des membres du congrès et des assemblées de province de la nouvelle-calédonie,projet de loi organique portant report du renouvellement général des membres du congrès et des assemblées de province de la Nouvelle-Calédonie,institutions_collectivites_outre_mer,"Institutions, collectivités & outre-mer"
projet de loi organique relatif au département-région de mayotte,projet de loi organique relatif au Département-Région de Mayotte,institutions_collectivites_outre_mer,"Institutions, collectivités & outre-mer"
projet de loi organique relatif au renforcement des juridictions criminelles,projet de loi organique relatif au renforcement des juridictions criminelles,securite_justice_ordre_public,"Sécurité, justice & ordre public"
"projet de loi organique relatif à l'ouverture, la modernisation et la responsabilité du corps judiciaire (procédure accélérée)","projet de loi organique relatif à l'ouverture, la modernisation et la responsabilité du corps judiciaire (procédure accélérée)",securite_justice_ordre_public,"Sécurité, justice & ordre public"
projet de loi organique relatif à la simplification des expérimentations mises en oeuvre sur le fondement du quatrième alinéa de l'article 72 de la constitution (procédure accélérée),projet de loi organique relatif à la simplification des expérimentations mises en œuvre sur le fondement du quatrième alinéa de l'article 72 de la Constitution (procédure accélérée),institutions_collectivites_outre_mer,"Institutions, collectivités & outre-mer"
"projet de loi organique, adopté par l'assemblée nationale après engagement de la procédure accélérée, portant diverses mesures relatives à l'élection du président de la république","projet de loi organique, adopté par l'Assemblée nationale après engagement de la procédure accélérée, portant diverses mesures relatives à l'élection du Président de la République",vie_politique_procedure,Vie politique & procédure institutionnelle
"projet de loi organique, adopté par l'assemblée nationale après engagement de la procédure accélérée, pour la confiance dans l'institution judiciaire","projet de loi organique, adopté par l'Assemblée nationale après engagement de la procédure accélérée, pour la confiance dans l'institution judiciaire",securite_justice_ordre_public,"Sécurité, justice & ordre public"
"projet de loi organique, adopté par l'assemblée nationale après engagement de la procédure accélérée, relatif au conseil économique, social et environnemental","projet de loi organique, adopté par l'Assemblée nationale après engagement de la procédure accélérée, relatif au Conseil économique, social et environnemental",institutions_collectivites_outre_mer,"Institutions, collectivités & outre-mer"
"projet de loi organique, adopté par l'assemblée nationale après engagement de la procédure accélérée, relatif aux délais d'organisation des élections législatives et sénatoriales partielles","projet de loi organique, adopté par l'Assemblée nationale après engagement de la procédure accélérée, relatif aux délais d'organisation des élections législatives et sénatoriales partielles",vie_politique_procedure,Vie politique & procédure institutionnelle
"projet de loi organique, adopté par l'assemblée nationale en nouvelle lecture, relatif au conseil économique, social et environnemental","projet de loi organique, adopté par l'Assemblée nationale en nouvelle lecture, relatif au Conseil économique, social et environnemental",institutions_collectivites_outre_mer,"Institutions, collectivités & outre-mer"
projet de loi portant approbation des comptes de la sécurité sociale de l'année 2025,projet de loi portant approbation des comptes de la sécurité sociale de l'année 2025,finances_fiscalite,Finances publiques & fiscalité
"projet de loi portant diverses dispositions d'adaptation au droit de l'union européenne dans les domaines de l'économie, de la santé, du travail, des transports et de l'agriculture (procédure accélérée)","projet de loi portant diverses dispositions d'adaptation au droit de l'Union européenne dans les domaines de l'économie, de la santé, du travail, des transports et de l'agriculture (procédure accélérée)",defense_europe_affaires_etrangeres,"Défense, Europe & affaires étrangères"
"projet de loi portant diverses dispositions d'adaptation au droit de l'union européenne en matière économique, financière, environnementale, énergétique, d'information, de transport, de santé, d'agriculture et de pêche","projet de loi portant diverses dispositions d'adaptation au droit de l'Union européenne en matière économique, financière, environnementale, énergétique, d'information, de transport, de santé, d'agriculture et de pêche",defense_europe_affaires_etrangeres,"Défense, Europe & affaires étrangères"
projet de loi portant lutte contre le dérèglement climatique et renforcement de la résilience face à ses effets,projet de loi portant lutte contre le dérèglement climatique et renforcement de la résilience face à ses effets,ecologie_energie_climat,"Écologie, énergie & climat"
projet de loi portant mesures d'urgence pour lutter contre l'inflation concernant les produits de grande consommation,projet de loi portant mesures d'urgence pour lutter contre l'inflation concernant les produits de grande consommation,travail_economie_entreprises,"Travail, économie & entreprises"
projet de loi portant simplification des normes applicables aux collectivités territoriales,projet de loi portant simplification des normes applicables aux collectivités territoriales,institutions_collectivites_outre_mer,"Institutions, collectivités & outre-mer"
projet de loi portant transposition de l'accord national interprofessionnel relatif au partage de la valeur au sein de l'entreprise,projet de loi portant transposition de l'accord national interprofessionnel relatif au partage de la valeur au sein de l'entreprise,travail_economie_entreprises,"Travail, économie & entreprises"
projet de loi portant transposition de l'avenant n° 3 du 25 février 2026 au protocole d'accord du 10 novembre 2023 relatif à l'assurance chômage,projet de loi portant transposition de l'avenant n° 3 du 25 février 2026 au protocole d'accord du 10 novembre 2023 relatif à l'assurance chômage,travail_economie_entreprises,"Travail, économie & entreprises"
"projet de loi pour contrôler l'immigration, améliorer l'intégration","projet de loi pour contrôler l'immigration, améliorer l'intégration",securite_justice_ordre_public,"Sécurité, justice & ordre public"
projet de loi pour le plein emploi,projet de loi pour le plein emploi,travail_economie_entreprises,"Travail, économie & entreprises"
projet de loi ratifiant l'ordonnance n° 2021-1605 du 8 décembre 2021 étendant et adaptant à la fonction publique des communes de polynésie française certaines dispositions statutaires relatives à la fonction publique territoriale,projet de loi ratifiant l'ordonnance n° 2021-1605 du 8 décembre 2021 étendant et adaptant à la fonction publique des communes de Polynésie française certaines dispositions statutaires relatives à la fonction publique territoriale,institutions_collectivites_outre_mer,"Institutions, collectivités & outre-mer"
"projet de loi ratifiant l'ordonnance n° 2023-285 du 19 avril 2023 portant extension et adaptation à la polynésie française, à la nouvelle-calédonie et aux îles wallis et futuna de diverses dispositions législatives relatives à la santé","projet de loi ratifiant l'ordonnance n° 2023-285 du 19 avril 2023 portant extension et adaptation à la Polynésie française, à la Nouvelle-Calédonie et aux îles Wallis et Futuna de diverses dispositions législatives relatives à la santé",sante_fin_de_vie,Santé & fin de vie
projet de loi ratifiant les ordonnances n° 2021-45 du 20 janvier 2021 et n° 2021-71 du 27 janvier 2021 portant réforme de la formation des élus locaux (procédure accélérée),projet de loi ratifiant les ordonnances n° 2021-45 du 20 janvier 2021 et n° 2021-71 du 27 janvier 2021 portant réforme de la formation des élus locaux (procédure accélérée),institutions_collectivites_outre_mer,"Institutions, collectivités & outre-mer"
projet de loi ratifiant les ordonnances prises sur le fondement de l'article 13 de la loi n° 2019-816 du 2 août 2019 relative aux compétences de la collectivité européenne d'alsace,projet de loi ratifiant les ordonnances prises sur le fondement de l'article 13 de la loi n° 2019-816 du 2 août 2019 relative aux compétences de la Collectivité européenne d'Alsace,institutions_collectivites_outre_mer,"Institutions, collectivités & outre-mer"
projet de loi relatif aux jeux olympiques et paralympiques de 2024 (procédure accélérée),projet de loi relatif aux jeux Olympiques et Paralympiques de 2024 (procédure accélérée),autre,Autre / non classé
projet de loi relatif à l'accélération de la production d'énergies renouvelables (procédure accélérée),projet de loi relatif à l'accélération de la production d'énergies renouvelables (procédure accélérée),ecologie_energie_climat,"Écologie, énergie & climat"
projet de loi relatif à l'accélération de la reconstruction des bâtiments dégradés ou démolis au cours des violences urbaines survenues du 27 juin au 5 juillet 2023,projet de loi relatif à l'accélération de la reconstruction des bâtiments dégradés ou démolis au cours des violences urbaines survenues du 27 juin au 5 juillet 2023,logement_urbanisme,Logement & urbanisme
projet de loi relatif à l'accélération des procédures liées à la construction de nouvelles installations nucléaires à proximité de sites nucléaires existants et au fonctionnement des installations existantes (procédure accélérée),projet de loi relatif à l'accélération des procédures liées à la construction de nouvelles installations nucléaires à proximité de sites nucléaires existants et au fonctionnement des installations existantes (procédure accélérée),ecologie_energie_climat,"Écologie, énergie & climat"
projet de loi relatif à l'accélération et à la simplification de la rénovation de l'habitat dégradé et des grandes opérations d'aménagement,projet de loi relatif à l'accélération et à la simplification de la rénovation de l'habitat dégradé et des grandes opérations d'aménagement,logement_urbanisme,Logement & urbanisme
"projet de loi relatif à l'extension des prérogatives, des moyens, de l'organisation et du contrôle des polices municipales et des gardes champêtres","projet de loi relatif à l'extension des prérogatives, des moyens, de l'organisation et du contrôle des polices municipales et des gardes champêtres",securite_justice_ordre_public,"Sécurité, justice & ordre public"
projet de loi relatif à l'industrie verte (procédure accélérée),projet de loi relatif à l'industrie verte (procédure accélérée),ecologie_energie_climat,"Écologie, énergie & climat"
projet de loi relatif à l'organisation de la gouvernance de la sûreté nucléaire et de la radioprotection pour répondre au défi de la relance de la filière nucléaire,projet de loi relatif à l'organisation de la gouvernance de la sûreté nucléaire et de la radioprotection pour répondre au défi de la relance de la filière nucléaire,ecologie_energie_climat,"Écologie, énergie & climat"
projet de loi relatif à l'organisation des jeux olympiques et paralympiques de 2030,projet de loi relatif à l'organisation des jeux Olympiques et Paralympiques de 2030,autre,Autre / non classé
projet de loi relatif à la lutte contre les fraudes sociales et fiscales,projet de loi relatif à la lutte contre les fraudes sociales et fiscales,finances_fiscalite,Finances publiques & fiscalité
projet de loi relatif à la programmation militaire pour les années 2024 à 2030 et portant diverses dispositions intéressant la défense,projet de loi relatif à la programmation militaire pour les années 2024 à 2030 et portant diverses dispositions intéressant la défense,defense_europe_affaires_etrangeres,"Défense, Europe & affaires étrangères"
projet de loi relatif à la régulation de l'enseignement supérieur privé,projet de loi relatif à la régulation de l'enseignement supérieur privé,education_enfance_jeunesse,"Éducation, enfance & jeunesse"
projet de loi relatif à la résilience des infrastructures critiques et au renforcement de la cybersécurité,projet de loi relatif à la résilience des infrastructures critiques et au renforcement de la cybersécurité,numerique_medias_culture,"Numérique, médias & culture"
projet de loi relative aux résultats de la gestion et portant approbation des comptes de l'année 2023,projet de loi relative aux résultats de la gestion et portant approbation des comptes de l'année 2023,finances_fiscalite,Finances publiques & fiscalité
projet de loi relative aux résultats de la gestion et portant approbation des comptes de l'année 2024,projet de loi relative aux résultats de la gestion et portant approbation des comptes de l'année 2024,finances_fiscalite,Finances publiques & fiscalité
projet de loi relative aux résultats de la gestion et portant approbation des comptes de l'année 2025,projet de loi relative aux résultats de la gestion et portant approbation des comptes de l'année 2025,finances_fiscalite,Finances publiques & fiscalité
projet de loi spéciale prévue par l'article 45 de la loi organique n° 2001-692 du 1er août 2001 relative aux lois de finances,projet de loi spéciale prévue par l'article 45 de la loi organique n° 2001-692 du 1er août 2001 relative aux lois de finances,finances_fiscalite,Finances publiques & fiscalité
projet de loi sur la justice criminelle et le respect des victimes,projet de loi sur la justice criminelle et le respect des victimes,securite_justice_ordre_public,"Sécurité, justice & ordre public"
projet de loi visant la relance et la décentralisation du logement,projet de loi visant la relance et la décentralisation du logement,logement_urbanisme,Logement & urbanisme
projet de loi visant à donner à la douane les moyens de faire face aux nouvelles menaces,projet de loi visant à donner à la douane les moyens de faire face aux nouvelles menaces,securite_justice_ordre_public,"Sécurité, justice & ordre public"
"projet de loi visant à offrir des réponses immédiates aux phénomènes troublant l'ordre public, la sécurité et la tranquillité de nos concitoyens","projet de loi visant à offrir des réponses immédiates aux phénomènes troublant l'ordre public, la sécurité et la tranquillité de nos concitoyens",securite_justice_ordre_public,"Sécurité, justice & ordre public"
projet de loi visant à renforcer la lutte contre les dérives sectaires et à améliorer l'accompagnement des victimes,projet de loi visant à renforcer la lutte contre les dérives sectaires et à améliorer l'accompagnement des victimes,securite_justice_ordre_public,"Sécurité, justice & ordre public"
"projet de loi, adopté avec modifications par l'assemblée nationale en deuxième lecture, relatif à la bioéthique","projet de loi, adopté avec modifications par l'Assemblée nationale en deuxième lecture, relatif à la bioéthique",sante_fin_de_vie,Santé & fin de vie
"projet de loi, adopté en nouvelle lecture par l'assemblée nationale, de règlement du budget et d'approbation des comptes de l'année 2021","projet de loi, adopté en nouvelle lecture par l'Assemblée nationale, de règlement du budget et d'approbation des comptes de l'année 2021",finances_fiscalite,Finances publiques & fiscalité
"projet de loi, adopté par l'assemblée nationale après engagement de la procédure accélérée, autorisant l'approbation de la décision (ue, euratom) 2020/2053 du conseil du 14 décembre 2020 relative au système des ressources propres de l'union européenne et abrogeant la décision 2014/335/ue, euratom","projet de loi, adopté par l'Assemblée nationale après engagement de la procédure accélérée, autorisant l'approbation de la décision (UE, Euratom) 2020/2053 du Conseil du 14 décembre 2020 relative au système des ressources propres de l'Union européenne et abrogeant la décision 2014/335/UE, Euratom",defense_europe_affaires_etrangeres,"Défense, Europe & affaires étrangères"
"projet de loi, adopté par l'assemblée nationale après engagement de la procédure accélérée, autorisant la prorogation de l'état d'urgence sanitaire et portant diverses mesures de gestion de la crise sanitaire","projet de loi, adopté par l'Assemblée nationale après engagement de la procédure accélérée, autorisant la prorogation de l'état d'urgence sanitaire et portant diverses mesures de gestion de la crise sanitaire",sante_fin_de_vie,Santé & fin de vie
"projet de loi, adopté par l'assemblée nationale après engagement de la procédure accélérée, confortant le respect des principes de la république","projet de loi, adopté par l'Assemblée nationale après engagement de la procédure accélérée, confortant le respect des principes de la République",securite_justice_ordre_public,"Sécurité, justice & ordre public"
"projet de loi, adopté par l'assemblée nationale après engagement de la procédure accélérée, confortant le respect des principes de la république et de lutte contre le séparatisme","projet de loi, adopté par l'Assemblée nationale après engagement de la procédure accélérée, confortant le respect des principes de la République et de lutte contre le séparatisme",securite_justice_ordre_public,"Sécurité, justice & ordre public"
"projet de loi, adopté par l'assemblée nationale après engagement de la procédure accélérée, de programmation relatif au développement solidaire et à la lutte contre les inégalités mondiales","projet de loi, adopté par l'Assemblée nationale après engagement de la procédure accélérée, de programmation relatif au développement solidaire et à la lutte contre les inégalités mondiales",defense_europe_affaires_etrangeres,"Défense, Europe & affaires étrangères"
"projet de loi, adopté par l'assemblée nationale après engagement de la procédure accélérée, de règlement du budget et d'approbation des comptes de l'année 2020","projet de loi, adopté par l'Assemblée nationale après engagement de la procédure accélérée, de règlement du budget et d'approbation des comptes de l'année 2020",finances_fiscalite,Finances publiques & fiscalité
"projet de loi, adopté par l'assemblée nationale après engagement de la procédure accélérée, de règlement du budget et d'approbation des comptes de l'année 2021","projet de loi, adopté par l'Assemblée nationale après engagement de la procédure accélérée, de règlement du budget et d'approbation des comptes de l'année 2021",finances_fiscalite,Finances publiques & fiscalité
"projet de loi, adopté par l'assemblée nationale après engagement de la procédure accélérée, maintenant provisoirement un dispositif de veille et de sécurité sanitaire en matière de lutte contre la covid-19","projet de loi, adopté par l'Assemblée nationale après engagement de la procédure accélérée, maintenant provisoirement un dispositif de veille et de sécurité sanitaire en matière de lutte contre la covid-19",sante_fin_de_vie,Santé & fin de vie
"projet de loi, adopté par l'assemblée nationale après engagement de la procédure accélérée, portant diverses dispositions de vigilance sanitaire","projet de loi, adopté par l'Assemblée nationale après engagement de la procédure accélérée, portant diverses dispositions de vigilance sanitaire",sante_fin_de_vie,Santé & fin de vie
"projet de loi, adopté par l'assemblée nationale après engagement de la procédure accélérée, portant lutte contre le dérèglement climatique et renforcement de la résilience face à ses effets","projet de loi, adopté par l'Assemblée nationale après engagement de la procédure accélérée, portant lutte contre le dérèglement climatique et renforcement de la résilience face à ses effets",ecologie_energie_climat,"Écologie, énergie & climat"
"projet de loi, adopté par l'assemblée nationale après engagement de la procédure accélérée, portant mesures d'urgence pour la protection du pouvoir d'achat","projet de loi, adopté par l'Assemblée nationale après engagement de la procédure accélérée, portant mesures d'urgence pour la protection du pouvoir d'achat",finances_fiscalite,Finances publiques & fiscalité
"projet de loi, adopté par l'assemblée nationale après engagement de la procédure accélérée, portant reconnaissance de la nation envers les harkis et les autres personnes rapatriées d'algérie anciennement de statut civil de droit local et réparation des préjudices subis par ceux‑ci et leurs familles du fait de l'indignité de leurs conditions d'accueil et de vie dans certaines structures sur le territoire français","projet de loi, adopté par l'Assemblée nationale après engagement de la procédure accélérée, portant reconnaissance de la Nation envers les harkis et les autres personnes rapatriées d'Algérie anciennement de statut civil de droit local et réparation des préjudices subis par ceux‑ci et leurs familles du fait de l'indignité de leurs conditions d'accueil et de vie dans certaines structures sur le territoire français",solidarites_droits_sociaux,Solidarités & droits sociaux
"projet de loi, adopté par l'assemblée nationale après engagement de la procédure accélérée, portant réforme des outils de gestion des risques climatiques en agriculture","projet de loi, adopté par l'Assemblée nationale après engagement de la procédure accélérée, portant réforme des outils de gestion des risques climatiques en agriculture",agriculture_alimentation,Agriculture & alimentation
"projet de loi, adopté par l'assemblée nationale après engagement de la procédure accélérée, pour la confiance dans l'institution judiciaire","projet de loi, adopté par l'Assemblée nationale après engagement de la procédure accélérée, pour la confiance dans l'institution judiciaire",securite_justice_ordre_public,"Sécurité, justice & ordre public"
"projet de loi, adopté par l'assemblée nationale après engagement de la procédure accélérée, prorogeant l'état d'urgence sanitaire","projet de loi, adopté par l'Assemblée nationale après engagement de la procédure accélérée, prorogeant l'état d'urgence sanitaire",sante_fin_de_vie,Santé & fin de vie
"projet de loi, adopté par l'assemblée nationale après engagement de la procédure accélérée, ratifiant diverses ordonnances prises sur le fondement de l'article 11 de la loi n° 2020-290 du 23 mars 2020 d'urgence pour faire face à l'épidémie de covid-19","projet de loi, adopté par l'Assemblée nationale après engagement de la procédure accélérée, ratifiant diverses ordonnances prises sur le fondement de l'article 11 de la loi n° 2020-290 du 23 mars 2020 d'urgence pour faire face à l'épidémie de covid-19",sante_fin_de_vie,Santé & fin de vie
"projet de loi, adopté par l'assemblée nationale après engagement de la procédure accélérée, ratifiant l'ordonnance n° 2021-484 du 21 avril 2021 relative aux modalités de représentation des travailleurs indépendants recourant pour leur activité aux plateformes et aux conditions d'exercice de cette représentation et portant habilitation du gouvernement à compléter par ordonnance les règles organisant le dialogue social avec les plateformes","projet de loi, adopté par l'Assemblée nationale après engagement de la procédure accélérée, ratifiant l'ordonnance n° 2021-484 du 21 avril 2021 relative aux modalités de représentation des travailleurs indépendants recourant pour leur activité aux plateformes et aux conditions d'exercice de cette représentation et portant habilitation du Gouvernement à compléter par ordonnance les règles organisant le dialogue social avec les plateformes",travail_economie_entreprises,"Travail, économie & entreprises"
"projet de loi, adopté par l'assemblée nationale après engagement de la procédure accélérée, relatif au retour de biens culturels à la république du bénin et à la république du sénégal","projet de loi, adopté par l'Assemblée nationale après engagement de la procédure accélérée, relatif au retour de biens culturels à la République du Bénin et à la République du Sénégal",numerique_medias_culture,"Numérique, médias & culture"
"projet de loi, adopté par l'assemblée nationale après engagement de la procédure accélérée, relatif aux conditions de mise sur le marché de certains produits phytopharmaceutiques en cas de danger sanitaire pour les betteraves sucrières","projet de loi, adopté par l'Assemblée nationale après engagement de la procédure accélérée, relatif aux conditions de mise sur le marché de certains produits phytopharmaceutiques en cas de danger sanitaire pour les betteraves sucrières",agriculture_alimentation,Agriculture & alimentation
"projet de loi, adopté par l'assemblée nationale après engagement de la procédure accélérée, relatif aux mesures d'urgence pour la protection du pouvoir d'achat","projet de loi, adopté par l'Assemblée nationale après engagement de la procédure accélérée, relatif aux mesures d'urgence pour la protection du pouvoir d'achat",finances_fiscalite,Finances publiques & fiscalité
"projet de loi, adopté par l'assemblée nationale après engagement de la procédure accélérée, relatif à la gestion de la sortie de crise sanitaire","projet de loi, adopté par l'Assemblée nationale après engagement de la procédure accélérée, relatif à la gestion de la sortie de crise sanitaire",sante_fin_de_vie,Santé & fin de vie
"projet de loi, adopté par l'assemblée nationale après engagement de la procédure accélérée, relatif à la prévention d'actes de terrorisme et au renseignement","projet de loi, adopté par l'Assemblée nationale après engagement de la procédure accélérée, relatif à la prévention d'actes de terrorisme et au renseignement",securite_justice_ordre_public,"Sécurité, justice & ordre public"
"projet de loi, adopté par l'assemblée nationale après engagement de la procédure accélérée, relatif à la responsabilité pénale et à la sécurité intérieure","projet de loi, adopté par l'Assemblée nationale après engagement de la procédure accélérée, relatif à la responsabilité pénale et à la sécurité intérieure",securite_justice_ordre_public,"Sécurité, justice & ordre public"
"projet de loi, adopté par l'assemblée nationale après engagement de la procédure accélérée, renforçant les outils de gestion de la crise sanitaire et modifiant le code de la santé publique","projet de loi, adopté par l'Assemblée nationale après engagement de la procédure accélérée, renforçant les outils de gestion de la crise sanitaire et modifiant le code de la santé publique",sante_fin_de_vie,Santé & fin de vie
"projet de loi, adopté par l'assemblée nationale après engagement de la procédure accélérée, rétablissant et complétant l'état d'urgence sanitaire","projet de loi, adopté par l'Assemblée nationale après engagement de la procédure accélérée, rétablissant et complétant l'état d'urgence sanitaire",sante_fin_de_vie,Santé & fin de vie
"projet de loi, adopté par l'assemblée nationale en nouvelle lecture, confortant le respect des principes de la république","projet de loi, adopté par l'Assemblée nationale en nouvelle lecture, confortant le respect des principes de la République",securite_justice_ordre_public,"Sécurité, justice & ordre public"
"projet de loi, adopté par l'assemblée nationale en nouvelle lecture, de règlement du budget et d'approbation des comptes de l'année 2020","projet de loi, adopté par l'Assemblée nationale en nouvelle lecture, de règlement du budget et d'approbation des comptes de l'année 2020",finances_fiscalite,Finances publiques & fiscalité
"projet de loi, adopté par l'assemblée nationale en nouvelle lecture, portant diverses dispositions de vigilance sanitaire","projet de loi, adopté par l'Assemblée nationale en nouvelle lecture, portant diverses dispositions de vigilance sanitaire",sante_fin_de_vie,Santé & fin de vie
"projet de loi, adopté par l'assemblée nationale en nouvelle lecture, relatif à la bioéthique","projet de loi, adopté par l'Assemblée nationale en nouvelle lecture, relatif à la bioéthique",sante_fin_de_vie,Santé & fin de vie
"projet de loi, adopté par l'assemblée nationale en nouvelle lecture, relatif à la prévention d'actes de terrorisme et au renseignement","projet de loi, adopté par l'Assemblée nationale en nouvelle lecture, relatif à la prévention d'actes de terrorisme et au renseignement",securite_justice_ordre_public,"Sécurité, justice & ordre public"
"projet de loi, adopté par l'assemblée nationale en nouvelle lecture, renforçant les outils de gestion de la crise sanitaire et modifiant le code de la santé publique","projet de loi, adopté par l'Assemblée nationale en nouvelle lecture, renforçant les outils de gestion de la crise sanitaire et modifiant le code de la santé publique",sante_fin_de_vie,Santé & fin de vie
"projet de loi, adopté par l'assemblée nationale, autorisant l'approbation de l'accord de coopération entre le gouvernement de la république française et les gouvernements des états membres de l'union monétaire ouest-africaine","projet de loi, adopté par l'Assemblée nationale, autorisant l'approbation de l'accord de coopération entre le Gouvernement de la République française et les Gouvernements des États membres de l'Union monétaire ouest-africaine",defense_europe_affaires_etrangeres,"Défense, Europe & affaires étrangères"
"projet de loi, adopté par l'assemblée nationale, de finances rectificative pour 2021","projet de loi, adopté par l'Assemblée nationale, de finances rectificative pour 2021",finances_fiscalite,Finances publiques & fiscalité
"projet de loi, adopté par l'assemblée nationale, de finances rectificative pour 2022","projet de loi, adopté par l'Assemblée nationale, de finances rectificative pour 2022",finances_fiscalite,Finances publiques & fiscalité
"projet de loi, adopté par l'assemblée nationale, portant mesures d'urgence relatives au fonctionnement du marché du travail en vue du plein emploi","projet de loi, adopté par l'Assemblée nationale, portant mesures d'urgence relatives au fonctionnement du marché du travail en vue du plein emploi",travail_economie_entreprises,"Travail, économie & entreprises"
"projet de loi, considéré comme adopté par l'assemblée nationale en application de l'article 49, alinéa 3, de la constitution, de finances pour 2023","projet de loi, considéré comme adopté par l'Assemblée nationale en application de l'article 49, alinéa 3, de la Constitution, de finances pour 2023",finances_fiscalite,Finances publiques & fiscalité
"projet de loi, modifié par l'assemblée nationale en deuxième lecture, ratifiant les ordonnances prises sur le fondement de l'article 13 de la loi n° 2019-816 du 2 août 2019 relative aux compétences de la collectivité européenne d'alsace","projet de loi, modifié par l'Assemblée nationale en deuxième lecture, ratifiant les ordonnances prises sur le fondement de l'article 13 de la loi n° 2019-816 du 2 août 2019 relative aux compétences de la Collectivité européenne d'Alsace",institutions_collectivites_outre_mer,"Institutions, collectivités & outre-mer"
"projet de loi, modifié par l'assemblée nationale en première lecture, ratifiant les ordonnances prises sur le fondement de l'article 13 de la loi n° 2019-816 du 2 août 2019 relative aux compétences de la collectivité européenne d'alsace","projet de loi, modifié par l'Assemblée nationale en première lecture, ratifiant les ordonnances prises sur le fondement de l'article 13 de la loi n° 2019-816 du 2 août 2019 relative aux compétences de la Collectivité européenne d'Alsace",institutions_collectivites_outre_mer,"Institutions, collectivités & outre-mer"
"projet de loi, modifié par lettre rectificative, relatif à la différenciation, la décentralisation, la déconcentration et portant diverses mesures de simplification de l'action publique locale (procédure accélérée)","projet de loi, modifié par lettre rectificative, relatif à la différenciation, la décentralisation, la déconcentration et portant diverses mesures de simplification de l'action publique locale (procédure accélérée)",institutions_collectivites_outre_mer,"Institutions, collectivités & outre-mer"
projet de loi-cadre relatif au développement des transports,projet de loi-cadre relatif au développement des transports,ecologie_energie_climat,"Écologie, énergie & climat"
proposition de loi améliorant la protection des personnes ciblées par les réseaux de criminalité organisée,proposition de loi améliorant la protection des personnes ciblées par les réseaux de criminalité organisée,securite_justice_ordre_public,"Sécurité, justice & ordre public"
proposition de loi concernant la représentativité au sein des unions régionales des professionnels de santé,proposition de loi concernant la représentativité au sein des unions régionales des professionnels de santé,sante_fin_de_vie,Santé & fin de vie
proposition de loi conférant un statut de personne morale de droit public à statut particulier à l'académie nationale de chirurgie,proposition de loi conférant un statut de personne morale de droit public à statut particulier à l'Académie nationale de chirurgie,sante_fin_de_vie,Santé & fin de vie
proposition de loi consacrant une garantie à l'accès au compte bancaire pour les françaises et les français résidant hors de france,proposition de loi consacrant une garantie à l'accès au compte bancaire pour les Françaises et les Français résidant hors de France,finances_fiscalite,Finances publiques & fiscalité
proposition de loi constitutionnelle garantissant le respect des principes de la démocratie représentative et de l'état de droit en cas de législation par ordonnance,proposition de loi constitutionnelle garantissant le respect des principes de la démocratie représentative et de l'État de droit en cas de législation par ordonnance,vie_politique_procedure,Vie politique & procédure institutionnelle
proposition de loi constitutionnelle instaurant une charte des services publics,proposition de loi constitutionnelle instaurant une Charte des services publics,institutions_collectivites_outre_mer,"Institutions, collectivités & outre-mer"
proposition de loi constitutionnelle pour le plein exercice des libertés locales,proposition de loi constitutionnelle pour le plein exercice des libertés locales,institutions_collectivites_outre_mer,"Institutions, collectivités & outre-mer"
proposition de loi constitutionnelle visant à abroger l'article 40 de la constitution,proposition de loi constitutionnelle visant à abroger l'article 40 de la Constitution,institutions_collectivites_outre_mer,"Institutions, collectivités & outre-mer"
proposition de loi constitutionnelle visant à accélérer le redressement des finances publiques,proposition de loi constitutionnelle visant à accélérer le redressement des finances publiques,finances_fiscalite,Finances publiques & fiscalité
proposition de loi constitutionnelle visant à créer une loi de financement des collectivités territoriales et de leurs groupements et à garantir la compensation financière des transferts de compétences,proposition de loi constitutionnelle visant à créer une loi de financement des collectivités territoriales et de leurs groupements et à garantir la compensation financière des transferts de compétences,institutions_collectivites_outre_mer,"Institutions, collectivités & outre-mer"
proposition de loi constitutionnelle visant à faciliter le déclenchement du référendum d'initiative partagée,proposition de loi constitutionnelle visant à faciliter le déclenchement du référendum d'initiative partagée,institutions_collectivites_outre_mer,"Institutions, collectivités & outre-mer"
proposition de loi constitutionnelle visant à garantir la prééminence des lois de la république,proposition de loi constitutionnelle visant à garantir la prééminence des lois de la République,institutions_collectivites_outre_mer,"Institutions, collectivités & outre-mer"
proposition de loi constitutionnelle visant à protéger et à garantir le droit fondamental à l'interruption volontaire de grossesse et à la contraception,proposition de loi constitutionnelle visant à protéger et à garantir le droit fondamental à l'interruption volontaire de grossesse et à la contraception,solidarites_droits_sociaux,Solidarités & droits sociaux
"proposition de loi constitutionnelle visant à protéger la constitution, en limitant sa révision à la voie de l'article 89","proposition de loi constitutionnelle visant à protéger la Constitution, en limitant sa révision à la voie de l'article 89",institutions_collectivites_outre_mer,"Institutions, collectivités & outre-mer"
"proposition de loi constitutionnelle visant à préciser la procédure d'examen des textes budgétaires, à renforcer la place du parlement et à sécuriser le périmètre et la constitutionnalité des dispositions mises en oeuvre par les ordonnances mentionnées aux articles 47 et 47-1 de la constitution","proposition de loi constitutionnelle visant à préciser la procédure d'examen des textes budgétaires, à renforcer la place du Parlement et à sécuriser le périmètre et la constitutionnalité des dispositions mises en œuvre par les ordonnances mentionnées aux articles 47 et 47-1 de la Constitution",finances_fiscalite,Finances publiques & fiscalité
"proposition de loi constitutionnelle visant à restreindre certaines prérogatives du président de la république et à renforcer celles du premier ministre, responsable devant le parlement","proposition de loi constitutionnelle visant à restreindre certaines prérogatives du Président de la République et à renforcer celles du Premier ministre, responsable devant le Parlement",institutions_collectivites_outre_mer,"Institutions, collectivités & outre-mer"
"proposition de loi constitutionnelle visant, face à la crise actuelle à construire le monde d'après fondé sur la préservation des biens communs","proposition de loi constitutionnelle visant, face à la crise actuelle à construire le monde d'après fondé sur la préservation des biens communs",ecologie_energie_climat,"Écologie, énergie & climat"
"proposition de loi constitutionnelle, adoptée par l'assemblée nationale, visant à protéger et à garantir le droit fondamental à l'interruption volontaire de grossesse","proposition de loi constitutionnelle, adoptée par l'Assemblée nationale, visant à protéger et à garantir le droit fondamental à l'interruption volontaire de grossesse",solidarites_droits_sociaux,Solidarités & droits sociaux
proposition de loi contre toutes les fraudes aux aides publiques,proposition de loi contre toutes les fraudes aux aides publiques,finances_fiscalite,Finances publiques & fiscalité
proposition de loi créant l'homicide routier et visant à lutter contre la violence routière,proposition de loi créant l'homicide routier et visant à lutter contre la violence routière,securite_justice_ordre_public,"Sécurité, justice & ordre public"
proposition de loi créant la profession d'assistant en santé bucco-dentaire,proposition de loi créant la profession d'assistant en santé bucco-dentaire,sante_fin_de_vie,Santé & fin de vie
proposition de loi créant une condition de durée de résidence pour le versement de certaines prestations sociales,proposition de loi créant une condition de durée de résidence pour le versement de certaines prestations sociales,solidarites_droits_sociaux,Solidarités & droits sociaux
proposition de loi d'urgence visant à apporter une réponse solidaire et juste face à la crise,proposition de loi d'urgence visant à apporter une réponse solidaire et juste face à la crise,solidarites_droits_sociaux,Solidarités & droits sociaux
proposition de loi de loi visant à assouplir la gestion des compétences « eau » et « assainissement »,proposition de loi de loi visant à assouplir la gestion des compétences « eau » et « assainissement »,institutions_collectivites_outre_mer,"Institutions, collectivités & outre-mer"
proposition de loi en faveur de la préservation et de la reconquête de la haie,proposition de loi en faveur de la préservation et de la reconquête de la haie,ecologie_energie_climat,"Écologie, énergie & climat"
proposition de loi en faveur du développement de l'agrivoltaïsme,proposition de loi en faveur du développement de l'agrivoltaïsme,ecologie_energie_climat,"Écologie, énergie & climat"
proposition de loi encadrant l'intervention des cabinets de conseil privés dans les politiques publiques,proposition de loi encadrant l'intervention des cabinets de conseil privés dans les politiques publiques,institutions_collectivites_outre_mer,"Institutions, collectivités & outre-mer"
proposition de loi instaurant la vaccination obligatoire contre le sars-cov-2,proposition de loi instaurant la vaccination obligatoire contre le SARS-CoV-2,sante_fin_de_vie,Santé & fin de vie
proposition de loi instaurant un impôt plancher de 2 % sur le patrimoine des ultrariches,proposition de loi instaurant un impôt plancher de 2 % sur le patrimoine des ultrariches,finances_fiscalite,Finances publiques & fiscalité
proposition de loi instituant des mesures judiciaires de sûreté applicables aux condamnés terroristes et renforçant la lutte antiterroriste,proposition de loi instituant des mesures judiciaires de sûreté applicables aux condamnés terroristes et renforçant la lutte antiterroriste,securite_justice_ordre_public,"Sécurité, justice & ordre public"
proposition de loi organique favorisant l'implantation locale des parlementaires,proposition de loi organique favorisant l'implantation locale des parlementaires,vie_politique_procedure,Vie politique & procédure institutionnelle
proposition de loi organique fixant le statut du procureur national anti-stupéfiants,proposition de loi organique fixant le statut du procureur national anti-stupéfiants,securite_justice_ordre_public,"Sécurité, justice & ordre public"
proposition de loi organique portant renforcement de la chaîne pénale criminelle et diverses dispositions de modernisation du corps judiciaire,proposition de loi organique portant renforcement de la chaîne pénale criminelle et diverses dispositions de modernisation du corps judiciaire,securite_justice_ordre_public,"Sécurité, justice & ordre public"
proposition de loi organique portant réforme du financement de l'audiovisuel public,proposition de loi organique portant réforme du financement de l'audiovisuel public,numerique_medias_culture,"Numérique, médias & culture"
proposition de loi organique portant régularisation des natifs dans le corps électoral pour les élections au congrès et aux assemblées de province de nouvelle-calédonie,proposition de loi organique portant régularisation des natifs dans le corps électoral pour les élections au congrès et aux assemblées de province de Nouvelle-Calédonie,institutions_collectivites_outre_mer,"Institutions, collectivités & outre-mer"
proposition de loi organique pour le plein exercice des libertés locales,proposition de loi organique pour le plein exercice des libertés locales,institutions_collectivites_outre_mer,"Institutions, collectivités & outre-mer"
proposition de loi organique tendant à modifier le ii de l'article 43 de la loi organique n° 2004-192 du 27 février 2004 portant statut d'autonomie de la polynésie française,proposition de loi organique tendant à modifier le II de l'article 43 de la loi organique n° 2004-192 du 27 février 2004 portant statut d'autonomie de la Polynésie française,institutions_collectivites_outre_mer,"Institutions, collectivités & outre-mer"
proposition de loi organique visant à garantir la qualité du débat démocratique et à améliorer les conditions sanitaires d'organisation de l'élection présidentielle dans le contexte lié à l'épidémie de covid-19,proposition de loi organique visant à garantir la qualité du débat démocratique et à améliorer les conditions sanitaires d'organisation de l'élection présidentielle dans le contexte lié à l'épidémie de covid-19,vie_politique_procedure,Vie politique & procédure institutionnelle
"proposition de loi organique visant à harmoniser le mode de scrutin aux élections municipales afin de garantir la vitalité démocratique, la cohésion municipale et la parité","proposition de loi organique visant à harmoniser le mode de scrutin aux élections municipales afin de garantir la vitalité démocratique, la cohésion municipale et la parité",institutions_collectivites_outre_mer,"Institutions, collectivités & outre-mer"
proposition de loi organique visant à permettre à saint-barthélemy de participer à l'exercice de compétences de l'état,proposition de loi organique visant à permettre à Saint-Barthélemy de participer à l'exercice de compétences de l'État,institutions_collectivites_outre_mer,"Institutions, collectivités & outre-mer"
proposition de loi organique visant à reporter le renouvellement général des membres du congrès et des assemblées de province de la nouvelle-calédonie,proposition de loi organique visant à reporter le renouvellement général des membres du congrès et des assemblées de province de la Nouvelle-Calédonie,institutions_collectivites_outre_mer,"Institutions, collectivités & outre-mer"
proposition de loi organique visant à reporter le renouvellement général des membres du congrès et des assemblées de province de la nouvelle-calédonie afin de permettre la poursuite de la discussion sur l'accord du 12 juillet 2025 et sa mise en oeuvre,proposition de loi organique visant à reporter le renouvellement général des membres du congrès et des assemblées de province de la Nouvelle-Calédonie afin de permettre la poursuite de la discussion sur l'accord du 12 juillet 2025 et sa mise en œuvre,institutions_collectivites_outre_mer,"Institutions, collectivités & outre-mer"
proposition de loi organique visant à rétablir la réserve parlementaire en faveur des communes et des associations,proposition de loi organique visant à rétablir la réserve parlementaire en faveur des communes et des associations,institutions_collectivites_outre_mer,"Institutions, collectivités & outre-mer"
"proposition de loi organique, adoptée par l'assemblée nationale après engagement de la procédure accélérée, relative aux lois de financement de la sécurité sociale","proposition de loi organique, adoptée par l'Assemblée nationale après engagement de la procédure accélérée, relative aux lois de financement de la sécurité sociale",finances_fiscalite,Finances publiques & fiscalité
"proposition de loi organique, adoptée par l'assemblée nationale après engagement de la procédure accélérée, relative à la modernisation de la gestion des finances publiques","proposition de loi organique, adoptée par l'Assemblée nationale après engagement de la procédure accélérée, relative à la modernisation de la gestion des finances publiques",finances_fiscalite,Finances publiques & fiscalité
"proposition de loi organique, adoptée par l'assemblée nationale après engagement de la procédure accélérée, visant à renforcer le rôle du défenseur des droits en matière de signalement d'alerte","proposition de loi organique, adoptée par l'Assemblée nationale après engagement de la procédure accélérée, visant à renforcer le rôle du Défenseur des droits en matière de signalement d'alerte",securite_justice_ordre_public,"Sécurité, justice & ordre public"
"proposition de loi organique, adoptée par l'assemblée nationale en nouvelle lecture, relative aux lois de financement de la sécurité sociale","proposition de loi organique, adoptée par l'Assemblée nationale en nouvelle lecture, relative aux lois de financement de la sécurité sociale",finances_fiscalite,Finances publiques & fiscalité
proposition de loi ouvrant la possibilité de concilier une activité professionnelle avec la fonction d'assistant familial,proposition de loi ouvrant la possibilité de concilier une activité professionnelle avec la fonction d'assistant familial,education_enfance_jeunesse,"Éducation, enfance & jeunesse"
proposition de loi portant amnistie des faits commis à l'occasion de mouvements sociaux et d'activités syndicales et revendicatives,proposition de loi portant amnistie des faits commis à l'occasion de mouvements sociaux et d'activités syndicales et revendicatives,securite_justice_ordre_public,"Sécurité, justice & ordre public"
proposition de loi portant création d'un pôle public du médicament et des produits médicaux,proposition de loi portant création d'un pôle public du médicament et des produits médicaux,sante_fin_de_vie,Santé & fin de vie
proposition de loi portant création d'un statut de l'élu local,proposition de loi portant création d'un statut de l'élu local,institutions_collectivites_outre_mer,"Institutions, collectivités & outre-mer"
proposition de loi portant diverses dispositions d'adaptation du droit des outre-mer,proposition de loi portant diverses dispositions d'adaptation du droit des outre-mer,institutions_collectivites_outre_mer,"Institutions, collectivités & outre-mer"
proposition de loi portant diverses dispositions en matière de gestion des milieux aquatiques et de prévention des inondations (gemapi),proposition de loi portant diverses dispositions en matière de gestion des milieux aquatiques et de prévention des inondations (GEMAPI),ecologie_energie_climat,"Écologie, énergie & climat"
proposition de loi portant mesures pour bâtir la société du bien-vieillir en france,proposition de loi portant mesures pour bâtir la société du bien-vieillir en France,solidarites_droits_sociaux,Solidarités & droits sociaux
proposition de loi portant programmation nationale et simplification normative dans le secteur économique de l'énergie,proposition de loi portant programmation nationale et simplification normative dans le secteur économique de l'énergie,ecologie_energie_climat,"Écologie, énergie & climat"
proposition de loi portant pérennisation du contrat de professionnalisation expérimental,proposition de loi portant pérennisation du contrat de professionnalisation expérimental,travail_economie_entreprises,"Travail, économie & entreprises"
proposition de loi portant réparation des personnes condamnées pour homosexualité entre 1942 et 1982,proposition de loi portant réparation des personnes condamnées pour homosexualité entre 1942 et 1982,solidarites_droits_sociaux,Solidarités & droits sociaux
proposition de loi portant réparation des personnes condamnées pour homosexualité entre 1945 et 1982,proposition de loi portant réparation des personnes condamnées pour homosexualité entre 1945 et 1982,solidarites_droits_sociaux,Solidarités & droits sociaux
"proposition de loi portant une gouvernance claire, juste et solidaire pour la gestion des milieux aquatiques et la prévention des inondations (gemapi)","proposition de loi portant une gouvernance claire, juste et solidaire pour la gestion des milieux aquatiques et la prévention des inondations (GEMAPI)",ecologie_energie_climat,"Écologie, énergie & climat"
proposition de loi pour améliorer la prise en charge de la sclérose latérale amyotrophique et d'autres maladies évolutives graves,proposition de loi pour améliorer la prise en charge de la sclérose latérale amyotrophique et d'autres maladies évolutives graves,sante_fin_de_vie,Santé & fin de vie
proposition de loi pour la sécurisation juridique des structures économiques face aux risques de blanchiment,proposition de loi pour la sécurisation juridique des structures économiques face aux risques de blanchiment,travail_economie_entreprises,"Travail, économie & entreprises"
proposition de loi pour un choc de compétitivité en faveur de la ferme france,proposition de loi pour un choc de compétitivité en faveur de la ferme France,agriculture_alimentation,Agriculture & alimentation
"proposition de loi pour un nouveau pacte de citoyenneté avec la jeunesse par le vote à 16 ans, l'enseignement et l'engagement","proposition de loi pour un nouveau pacte de citoyenneté avec la jeunesse par le vote à 16 ans, l'enseignement et l'engagement",education_enfance_jeunesse,"Éducation, enfance & jeunesse"
"proposition de loi pour un élevage éthique, juste socialement et soucieux du bien-être animal","proposition de loi pour un élevage éthique, juste socialement et soucieux du bien-être animal",agriculture_alimentation,Agriculture & alimentation
proposition de loi pour une montagne vivante et souveraine,proposition de loi pour une montagne vivante et souveraine,ecologie_energie_climat,"Écologie, énergie & climat"
"proposition de loi pour une école de la liberté, de l'égalité des chances et de la laïcité","proposition de loi pour une école de la liberté, de l'égalité des chances et de la laïcité",education_enfance_jeunesse,"Éducation, enfance & jeunesse"
"proposition de loi relative au contrat d'édition, visant à favoriser les meilleures pratiques entre les acteurs des filières du livre et de l'oeuvre musicale et portant simplification de l'exception au droit d'auteur pour les personnes en situation de handicap","proposition de loi relative au contrat d'édition, visant à favoriser les meilleures pratiques entre les acteurs des filières du livre et de l'œuvre musicale et portant simplification de l'exception au droit d'auteur pour les personnes en situation de handicap",numerique_medias_culture,"Numérique, médias & culture"
proposition de loi relative au droit à l'aide à mourir,proposition de loi relative au droit à l'aide à mourir,sante_fin_de_vie,Santé & fin de vie
proposition de loi relative au financement des entreprises de la base industrielle et technologique de défense française,proposition de loi relative au financement des entreprises de la base industrielle et technologique de défense française,defense_europe_affaires_etrangeres,"Défense, Europe & affaires étrangères"
proposition de loi relative au renforcement de la sûreté dans les transports,proposition de loi relative au renforcement de la sûreté dans les transports,securite_justice_ordre_public,"Sécurité, justice & ordre public"
proposition de loi relative au régime juridique des actions de groupe,proposition de loi relative au régime juridique des actions de groupe,securite_justice_ordre_public,"Sécurité, justice & ordre public"
proposition de loi relative aux droits nouveaux dès dix-huit ans,proposition de loi relative aux droits nouveaux dès dix-huit ans,solidarites_droits_sociaux,Solidarités & droits sociaux
proposition de loi relative aux outils de lutte contre la désertification médicale des collectivités,proposition de loi relative aux outils de lutte contre la désertification médicale des collectivités,sante_fin_de_vie,Santé & fin de vie
proposition de loi relative à l'entretien régulier de relations personnelles entre l'enfant et ses parents en cas de séparation de ces derniers,proposition de loi relative à l'entretien régulier de relations personnelles entre l'enfant et ses parents en cas de séparation de ces derniers,education_enfance_jeunesse,"Éducation, enfance & jeunesse"
proposition de loi relative à l'instauration d'un nombre minimum de soignants par patient hospitalisé,proposition de loi relative à l'instauration d'un nombre minimum de soignants par patient hospitalisé,sante_fin_de_vie,Santé & fin de vie
"proposition de loi relative à l'organisation, à la gestion et au financement du sport professionnel","proposition de loi relative à l'organisation, à la gestion et au financement du sport professionnel",autre,Autre / non classé
proposition de loi relative à l'ouverture à la concurrence du réseau de bus francilien de la ratp,proposition de loi relative à l'ouverture à la concurrence du réseau de bus francilien de la RATP,travail_economie_entreprises,"Travail, économie & entreprises"
proposition de loi relative à la commémoration de la répression d'algériens le 17 octobre 1961 et les jours suivants à paris,proposition de loi relative à la commémoration de la répression d'Algériens le 17 octobre 1961 et les jours suivants à Paris,autre,Autre / non classé
proposition de loi relative à la confidentialité des consultations des juristes d'entreprise,proposition de loi relative à la confidentialité des consultations des juristes d'entreprise,travail_economie_entreprises,"Travail, économie & entreprises"
proposition de loi relative à la lutte contre l'antisémitisme dans l'enseignement supérieur,proposition de loi relative à la lutte contre l'antisémitisme dans l'enseignement supérieur,education_enfance_jeunesse,"Éducation, enfance & jeunesse"
"proposition de loi relative à la lutte contre l'antisémitisme, le racisme, les discriminations, les violences et la haine dans l'enseignement supérieur","proposition de loi relative à la lutte contre l'antisémitisme, le racisme, les discriminations, les violences et la haine dans l'enseignement supérieur",education_enfance_jeunesse,"Éducation, enfance & jeunesse"
proposition de loi relative à la lutte contre les installations illicites des gens du voyage,proposition de loi relative à la lutte contre les installations illicites des gens du voyage,securite_justice_ordre_public,"Sécurité, justice & ordre public"
proposition de loi relative à la maîtrise de l'organisation algorithmique du travail,proposition de loi relative à la maîtrise de l'organisation algorithmique du travail,travail_economie_entreprises,"Travail, économie & entreprises"
proposition de loi relative à la mise en place et au fonctionnement de la commission d'évaluation de l'aide publique au développement instituée par la loi n° 2021-1031 du 4 août 2021,proposition de loi relative à la mise en place et au fonctionnement de la commission d'évaluation de l'aide publique au développement instituée par la loi n° 2021-1031 du 4 août 2021,defense_europe_affaires_etrangeres,"Défense, Europe & affaires étrangères"
proposition de loi relative à la protection sociale complémentaire des agents publics territoriaux,proposition de loi relative à la protection sociale complémentaire des agents publics territoriaux,solidarites_droits_sociaux,Solidarités & droits sociaux
proposition de loi relative à la protection sociale globale,proposition de loi relative à la protection sociale globale,solidarites_droits_sociaux,Solidarités & droits sociaux
proposition de loi relative à la prévisibilité de l'organisation des services de la navigation aérienne en cas de mouvement social et à l'adéquation entre l'ampleur de la grève et la réduction du trafic (procédure accélérée),proposition de loi relative à la prévisibilité de l'organisation des services de la navigation aérienne en cas de mouvement social et à l'adéquation entre l'ampleur de la grève et la réduction du trafic (procédure accélérée),travail_economie_entreprises,"Travail, économie & entreprises"
proposition de loi relative à la raison impérative d'intérêt public majeur de la liaison autoroutière entre castres et toulouse,proposition de loi relative à la raison impérative d'intérêt public majeur de la liaison autoroutière entre Castres et Toulouse,ecologie_energie_climat,"Écologie, énergie & climat"
proposition de loi relative à la reconnaissance biométrique dans l'espace public,proposition de loi relative à la reconnaissance biométrique dans l'espace public,securite_justice_ordre_public,"Sécurité, justice & ordre public"
proposition de loi relative à la reconnaissance de la responsabilité de l'état et à l'indemnisation des victimes du chlordécone,proposition de loi relative à la reconnaissance de la responsabilité de l'État et à l'indemnisation des victimes du chlordécone,solidarites_droits_sociaux,Solidarités & droits sociaux
proposition de loi relative à la réforme de l'audiovisuel public et à la souveraineté audiovisuelle,proposition de loi relative à la réforme de l'audiovisuel public et à la souveraineté audiovisuelle,numerique_medias_culture,"Numérique, médias & culture"
proposition de loi relative à la sortie des collections publiques de restes humains kali'nas et arawaks en vue de funérailles sur le territoire de la guyane,proposition de loi relative à la sortie des collections publiques de restes humains kali'nas et arawaks en vue de funérailles sur le territoire de la Guyane,numerique_medias_culture,"Numérique, médias & culture"
proposition de loi rendant obligatoires les « tests pme » et créant un dispositif « impact entreprises »,proposition de loi rendant obligatoires les « tests PME » et créant un dispositif « Impact Entreprises »,travail_economie_entreprises,"Travail, économie & entreprises"
proposition de loi sur la profession d'infirmier,proposition de loi sur la profession d'infirmier,sante_fin_de_vie,Santé & fin de vie
proposition de loi tendant à confier à l'office français de l'immigration et de l'intégration certaines tâches d'accueil et d'information des personnes retenues,proposition de loi tendant à confier à l'Office français de l'immigration et de l'intégration certaines tâches d'accueil et d'information des personnes retenues,securite_justice_ordre_public,"Sécurité, justice & ordre public"
"proposition de loi tendant à créer un droit de visite pour les malades, les personnes âgées et handicapées qui séjournent en établissements","proposition de loi tendant à créer un droit de visite pour les malades, les personnes âgées et handicapées qui séjournent en établissements",sante_fin_de_vie,Santé & fin de vie
proposition de loi tendant à favoriser l'habitat en zones de revitalisation rurale tout en protégeant l'activité agricole et l'environnement,proposition de loi tendant à favoriser l'habitat en zones de revitalisation rurale tout en protégeant l'activité agricole et l'environnement,logement_urbanisme,Logement & urbanisme
proposition de loi tendant à la création de délégations parlementaires aux droits de l'enfant,proposition de loi tendant à la création de délégations parlementaires aux droits de l'enfant,education_enfance_jeunesse,"Éducation, enfance & jeunesse"
proposition de loi tendant à permettre l'examen par le parlement de la ratification de l'ordonnance n° 2021-702 du 2 juin 2021 portant réforme de l'encadrement supérieur de la fonction publique de l'état,proposition de loi tendant à permettre l'examen par le Parlement de la ratification de l'ordonnance n° 2021-702 du 2 juin 2021 portant réforme de l'encadrement supérieur de la fonction publique de l'État,institutions_collectivites_outre_mer,"Institutions, collectivités & outre-mer"
proposition de loi tendant à préserver l'accès aux pharmacies dans les communes rurales,proposition de loi tendant à préserver l'accès aux pharmacies dans les communes rurales,sante_fin_de_vie,Santé & fin de vie
proposition de loi tendant à rétablir le lien de confiance entre la police et la population,proposition de loi tendant à rétablir le lien de confiance entre la police et la population,securite_justice_ordre_public,"Sécurité, justice & ordre public"
proposition de loi tendant à sécuriser l'intégration des jeunes majeurs étrangers pris en charge par l'aide sociale à l'enfance,proposition de loi tendant à sécuriser l'intégration des jeunes majeurs étrangers pris en charge par l'aide sociale à l'enfance,education_enfance_jeunesse,"Éducation, enfance & jeunesse"
proposition de loi tendant à tenir compte de la capacité contributive des collectivités territoriales dans l'attribution des subventions et dotations destinées aux investissements relatifs à la transition écologique des bâtiments scolaires,proposition de loi tendant à tenir compte de la capacité contributive des collectivités territoriales dans l'attribution des subventions et dotations destinées aux investissements relatifs à la transition écologique des bâtiments scolaires,institutions_collectivites_outre_mer,"Institutions, collectivités & outre-mer"
proposition de loi visant au renforcement de l'attractivité de l'épargne salariale et à la mise en oeuvre d'une procédure de déblocage exceptionnelle,proposition de loi visant au renforcement de l'attractivité de l'épargne salariale et à la mise en œuvre d'une procédure de déblocage exceptionnelle,travail_economie_entreprises,"Travail, économie & entreprises"
proposition de loi visant la prise en charge intégrale des soins liés au traitement du cancer du sein par l'assurance maladie,proposition de loi visant la prise en charge intégrale des soins liés au traitement du cancer du sein par l'assurance maladie,sante_fin_de_vie,Santé & fin de vie
proposition de loi visant à accompagner la mise en place de comités sociaux et économiques à la poste,proposition de loi visant à accompagner la mise en place de comités sociaux et économiques à La Poste,travail_economie_entreprises,"Travail, économie & entreprises"
proposition de loi visant à adapter les enjeux de la rénovation énergétique aux spécificités du bâti ancien,proposition de loi visant à adapter les enjeux de la rénovation énergétique aux spécificités du bâti ancien,ecologie_energie_climat,"Écologie, énergie & climat"
proposition de loi visant à améliorer et garantir la santé et le bien-être des femmes au travail,proposition de loi visant à améliorer et garantir la santé et le bien-être des femmes au travail,travail_economie_entreprises,"Travail, économie & entreprises"
proposition de loi visant à améliorer l'accès au logement des travailleurs des services publics,proposition de loi visant à améliorer l'accès au logement des travailleurs des services publics,logement_urbanisme,Logement & urbanisme
proposition de loi visant à améliorer l'accès aux soins dans les territoires,proposition de loi visant à améliorer l'accès aux soins dans les territoires,sante_fin_de_vie,Santé & fin de vie
proposition de loi visant à améliorer l'accès aux soins par l'engagement territorial des professionnels,proposition de loi visant à améliorer l'accès aux soins par l'engagement territorial des professionnels,sante_fin_de_vie,Santé & fin de vie
proposition de loi visant à améliorer le dispositif de protection temporaire en france,proposition de loi visant à améliorer le dispositif de protection temporaire en France,defense_europe_affaires_etrangeres,"Défense, Europe & affaires étrangères"
"proposition de loi visant à améliorer le dépistage des troubles du neuro-développement, l'accompagnement des personnes qui en sont atteintes et le répit de leurs proches aidants","proposition de loi visant à améliorer le dépistage des troubles du neuro-développement, l'accompagnement des personnes qui en sont atteintes et le répit de leurs proches aidants",sante_fin_de_vie,Santé & fin de vie
proposition de loi visant à améliorer le repérage et l'accompagnement des personnes présentant des troubles du neuro-développement et à favoriser le répit des proches aidants,proposition de loi visant à améliorer le repérage et l'accompagnement des personnes présentant des troubles du neuro-développement et à favoriser le répit des proches aidants,solidarites_droits_sociaux,Solidarités & droits sociaux
proposition de loi visant à améliorer le traitement des maladies affectant les cultures végétales à l'aide d'aéronefs télépilotés,proposition de loi visant à améliorer le traitement des maladies affectant les cultures végétales à l'aide d'aéronefs télépilotés,agriculture_alimentation,Agriculture & alimentation
proposition de loi visant à améliorer les moyens d'action de l'agence de gestion et de recouvrement des avoirs saisis et confisqués et à faciliter l'exercice des missions d'expert judiciaire,proposition de loi visant à améliorer les moyens d'action de l'Agence de gestion et de recouvrement des avoirs saisis et confisqués et à faciliter l'exercice des missions d'expert judiciaire,securite_justice_ordre_public,"Sécurité, justice & ordre public"
proposition de loi visant à assouplir la gestion des compétences « eau » et « assainissement »,proposition de loi visant à assouplir la gestion des compétences « eau » et « assainissement »,institutions_collectivites_outre_mer,"Institutions, collectivités & outre-mer"
proposition de loi visant à assouplir la procédure d'autorisation des établissements et services sociaux et médico-sociaux à caractère expérimental,proposition de loi visant à assouplir la procédure d'autorisation des établissements et services sociaux et médico-sociaux à caractère expérimental,solidarites_droits_sociaux,Solidarités & droits sociaux
proposition de loi visant à assouplir les contraintes à l'usage de dispositifs de lecture automatisée de plaques d'immatriculation et à sécuriser l'action des forces de l'ordre,proposition de loi visant à assouplir les contraintes à l'usage de dispositifs de lecture automatisée de plaques d'immatriculation et à sécuriser l'action des forces de l'ordre,securite_justice_ordre_public,"Sécurité, justice & ordre public"
proposition de loi visant à assurer l'équilibre du régime d'indemnisation des catastrophes naturelles,proposition de loi visant à assurer l'équilibre du régime d'indemnisation des catastrophes naturelles,ecologie_energie_climat,"Écologie, énergie & climat"
proposition de loi visant à assurer la mixité sociale et scolaire dans les établissements d'enseignement publics et privés sous contrat du premier et du second degrés et à garantir davantage de transparence dans les procédures d'affectation et de financement des établissements privés sous contrat,proposition de loi visant à assurer la mixité sociale et scolaire dans les établissements d'enseignement publics et privés sous contrat du premier et du second degrés et à garantir davantage de transparence dans les procédures d'affectation et de financement des établissements privés sous contrat,education_enfance_jeunesse,"Éducation, enfance & jeunesse"
proposition de loi visant à assurer la pérennité des établissements de spectacles cinématographiques et l'accès au cinéma dans les outre-mer (procédure accélérée),proposition de loi visant à assurer la pérennité des établissements de spectacles cinématographiques et l'accès au cinéma dans les outre-mer (procédure accélérée),numerique_medias_culture,"Numérique, médias & culture"
proposition de loi visant à assurer le droit de chaque enfant à être assisté d'un avocat dans le cadre d'une mesure d'assistance éducative et de protection de l'enfance,proposition de loi visant à assurer le droit de chaque enfant à être assisté d'un avocat dans le cadre d'une mesure d'assistance éducative et de protection de l'enfance,education_enfance_jeunesse,"Éducation, enfance & jeunesse"
proposition de loi visant à assurer le respect du principe de laïcité dans le sport,proposition de loi visant à assurer le respect du principe de laïcité dans le sport,autre,Autre / non classé
proposition de loi visant à concilier la continuité du service public de transports avec l'exercice du droit de grève,proposition de loi visant à concilier la continuité du service public de transports avec l'exercice du droit de grève,travail_economie_entreprises,"Travail, économie & entreprises"
"proposition de loi visant à conforter l'habitat, l'offre de logements et la construction","proposition de loi visant à conforter l'habitat, l'offre de logements et la construction",logement_urbanisme,Logement & urbanisme
"proposition de loi visant à créer une garantie à l'emploi pour les chômeurs de longue durée, dans des activités utiles à la reconstruction écologique et au développement du lien social","proposition de loi visant à créer une garantie à l'emploi pour les chômeurs de longue durée, dans des activités utiles à la reconstruction écologique et au développement du lien social",travail_economie_entreprises,"Travail, économie & entreprises"
proposition de loi visant à donner aux acteurs locaux les moyens de lutter contre la cabanisation,proposition de loi visant à donner aux acteurs locaux les moyens de lutter contre la cabanisation,logement_urbanisme,Logement & urbanisme
proposition de loi visant à encadrer les pratiques médicales mises en oeuvre dans la prise en charge des mineurs en questionnement de genre,proposition de loi visant à encadrer les pratiques médicales mises en œuvre dans la prise en charge des mineurs en questionnement de genre,sante_fin_de_vie,Santé & fin de vie
"proposition de loi visant à exercer l'accès à l'emploi, à pérenniser et à étendre progressivement l'expérimentation « territoires zéro chômeur de longue durée » comme solution de retour à l'emploi pour les personnes privées durablement d'emploi","proposition de loi visant à exercer l'accès à l'emploi, à pérenniser et à étendre progressivement l'expérimentation « territoires zéro chômeur de longue durée » comme solution de retour à l'emploi pour les personnes privées durablement d'emploi",travail_economie_entreprises,"Travail, économie & entreprises"
proposition de loi visant à faciliter la création et le fonctionnement des communes nouvelles,proposition de loi visant à faciliter la création et le fonctionnement des communes nouvelles,institutions_collectivites_outre_mer,"Institutions, collectivités & outre-mer"
proposition de loi visant à faciliter la transformation des bureaux en logements,proposition de loi visant à faciliter la transformation des bureaux en logements,logement_urbanisme,Logement & urbanisme
proposition de loi visant à faciliter le maintien en rétention des personnes condamnées pour des faits d'une particulière gravité et présentant de forts risques de récidive,proposition de loi visant à faciliter le maintien en rétention des personnes condamnées pour des faits d'une particulière gravité et présentant de forts risques de récidive,securite_justice_ordre_public,"Sécurité, justice & ordre public"
proposition de loi visant à faire exécuter les peines d'emprisonnement ferme,proposition de loi visant à faire exécuter les peines d'emprisonnement ferme,securite_justice_ordre_public,"Sécurité, justice & ordre public"
proposition de loi visant à faire évoluer la gouvernance de l'agence pour l'enseignement français à l'étranger et à créer les instituts régionaux de formation (procédure accélérée),proposition de loi visant à faire évoluer la gouvernance de l'Agence pour l'enseignement français à l'étranger et à créer les instituts régionaux de formation (procédure accélérée),education_enfance_jeunesse,"Éducation, enfance & jeunesse"
"proposition de loi visant à favoriser le réemploi des véhicules, au service des mobilités durables et solidaires sur les territoires","proposition de loi visant à favoriser le réemploi des véhicules, au service des mobilités durables et solidaires sur les territoires",ecologie_energie_climat,"Écologie, énergie & climat"
proposition de loi visant à garantir l'égal accès de tous à l'accompagnement et aux soins palliatifs,proposition de loi visant à garantir l'égal accès de tous à l'accompagnement et aux soins palliatifs,sante_fin_de_vie,Santé & fin de vie
proposition de loi visant à garantir la confidentialité des consultations juridiques des juristes d'entreprise,proposition de loi visant à garantir la confidentialité des consultations juridiques des juristes d'entreprise,securite_justice_ordre_public,"Sécurité, justice & ordre public"
proposition de loi visant à garantir la continuité des revenus des artistes auteurs,proposition de loi visant à garantir la continuité des revenus des artistes auteurs,numerique_medias_culture,"Numérique, médias & culture"
proposition de loi visant à garantir la neutralité financière du don d'organes et d'autres éléments et produits du corps humain par les vivants,proposition de loi visant à garantir la neutralité financière du don d'organes et d'autres éléments et produits du corps humain par les vivants,sante_fin_de_vie,Santé & fin de vie
proposition de loi visant à garantir la qualité des services de gestion des déchets,proposition de loi visant à garantir la qualité des services de gestion des déchets,ecologie_energie_climat,"Écologie, énergie & climat"
proposition de loi visant à garantir le droit de visite des parlementaires et des bâtonniers dans les lieux de privation de liberté,proposition de loi visant à garantir le droit de visite des parlementaires et des bâtonniers dans les lieux de privation de liberté,securite_justice_ordre_public,"Sécurité, justice & ordre public"
"proposition de loi visant à garantir un cadre fiscal stable, juste et lisible pour nos micro-entrepreneurs et nos petites entreprises","proposition de loi visant à garantir un cadre fiscal stable, juste et lisible pour nos micro-entrepreneurs et nos petites entreprises",finances_fiscalite,Finances publiques & fiscalité
proposition de loi visant à garantir un mode de calcul juste et équitable des pensions de retraite de base des travailleurs non salariés des professions agricoles,proposition de loi visant à garantir un mode de calcul juste et équitable des pensions de retraite de base des travailleurs non salariés des professions agricoles,solidarites_droits_sociaux,Solidarités & droits sociaux
proposition de loi visant à garantir une solution d'assurance à l'ensemble des collectivités territoriales,proposition de loi visant à garantir une solution d'assurance à l'ensemble des collectivités territoriales,institutions_collectivites_outre_mer,"Institutions, collectivités & outre-mer"
proposition de loi visant à indexer les salaires sur l'inflation,proposition de loi visant à indexer les salaires sur l'inflation,travail_economie_entreprises,"Travail, économie & entreprises"
proposition de loi visant à instaurer une contribution exceptionnelle sur les assurances pour concourir à la solidarité nationale face aux conséquences économiques et sociales d'une crise sanitaire majeure,proposition de loi visant à instaurer une contribution exceptionnelle sur les assurances pour concourir à la solidarité nationale face aux conséquences économiques et sociales d'une crise sanitaire majeure,finances_fiscalite,Finances publiques & fiscalité
proposition de loi visant à instaurer une procédure simplifiée de recouvrement des créances commerciales incontestées,proposition de loi visant à instaurer une procédure simplifiée de recouvrement des créances commerciales incontestées,travail_economie_entreprises,"Travail, économie & entreprises"
proposition de loi visant à instaurer une trajectoire de réduction de l'artificialisation concertée avec les élus locaux,proposition de loi visant à instaurer une trajectoire de réduction de l'artificialisation concertée avec les élus locaux,logement_urbanisme,Logement & urbanisme
proposition de loi visant à interdire la corrida et les combats de coqs en présence de mineurs de moins de seize ans,proposition de loi visant à interdire la corrida et les combats de coqs en présence de mineurs de moins de seize ans,ecologie_energie_climat,"Écologie, énergie & climat"
proposition de loi visant à interdire le démarchage téléphonique,proposition de loi visant à interdire le démarchage téléphonique,travail_economie_entreprises,"Travail, économie & entreprises"
proposition de loi visant à interdire un mariage en france lorsque l'un des futurs époux réside de façon irrégulière sur le territoire,proposition de loi visant à interdire un mariage en France lorsque l'un des futurs époux réside de façon irrégulière sur le territoire,securite_justice_ordre_public,"Sécurité, justice & ordre public"
proposition de loi visant à intégrer les accompagnants des élèves en situation de handicap dans la fonction publique et à garantir une meilleure inclusion des élèves en situation de handicap et à besoins éducatifs particuliers,proposition de loi visant à intégrer les accompagnants des élèves en situation de handicap dans la fonction publique et à garantir une meilleure inclusion des élèves en situation de handicap et à besoins éducatifs particuliers,education_enfance_jeunesse,"Éducation, enfance & jeunesse"
proposition de loi visant à la consolidation et à la professionnalisation de la formation des internes en médecine générale afin de lutter contre « les déserts médicaux »,proposition de loi visant à la consolidation et à la professionnalisation de la formation des internes en médecine générale afin de lutter contre « les déserts médicaux »,sante_fin_de_vie,Santé & fin de vie
proposition de loi visant à la création d'un centre hospitalier universitaire en corse,proposition de loi visant à la création d'un centre hospitalier universitaire en Corse,sante_fin_de_vie,Santé & fin de vie
proposition de loi visant à la nationalisation d'arcelormittal france afin de préserver la souveraineté industrielle de la france,proposition de loi visant à la nationalisation d'ArcelorMittal France afin de préserver la souveraineté industrielle de la France,travail_economie_entreprises,"Travail, économie & entreprises"
proposition de loi visant à la nationalisation des actifs stratégiques d'arcelormittal situés sur le territoire national,proposition de loi visant à la nationalisation des actifs stratégiques d'ArcelorMittal situés sur le territoire national,travail_economie_entreprises,"Travail, économie & entreprises"
proposition de loi visant à lever les contraintes à l'exercice du métier d'agriculteur,proposition de loi visant à lever les contraintes à l'exercice du métier d'agriculteur,agriculture_alimentation,Agriculture & alimentation
"proposition de loi visant à lever, dans les territoires d'outre-mer, l'interdiction de recherche, d'exploration et d'exploitation des hydrocarbures","proposition de loi visant à lever, dans les territoires d'outre-mer, l'interdiction de recherche, d'exploration et d'exploitation des hydrocarbures",ecologie_energie_climat,"Écologie, énergie & climat"
proposition de loi visant à limiter le recours au licenciement économique dans les entreprises d'au moins 250 salariés,proposition de loi visant à limiter le recours au licenciement économique dans les entreprises d'au moins 250 salariés,travail_economie_entreprises,"Travail, économie & entreprises"
proposition de loi visant à lutter contre l'entrisme islamiste en france,proposition de loi visant à lutter contre l'entrisme islamiste en France,securite_justice_ordre_public,"Sécurité, justice & ordre public"
proposition de loi visant à lutter contre l'indépendance fictive en permettant des requalifications en salarié par action de groupe et en contrôlant la place de l'algorithme dans les relations contractuelles,proposition de loi visant à lutter contre l'indépendance fictive en permettant des requalifications en salarié par action de groupe et en contrôlant la place de l'algorithme dans les relations contractuelles,travail_economie_entreprises,"Travail, économie & entreprises"
proposition de loi visant à lutter contre la précarité de la jeunesse par l'instauration d'une allocation autonomie universelle d'études,proposition de loi visant à lutter contre la précarité de la jeunesse par l'instauration d'une allocation autonomie universelle d'études,education_enfance_jeunesse,"Éducation, enfance & jeunesse"
proposition de loi visant à lutter contre le dumping social sur le transmanche et à renforcer la sécurité du transport maritime,proposition de loi visant à lutter contre le dumping social sur le transmanche et à renforcer la sécurité du transport maritime,travail_economie_entreprises,"Travail, économie & entreprises"
proposition de loi visant à lutter contre les discriminations par la pratique de tests individuels et statistiques,proposition de loi visant à lutter contre les discriminations par la pratique de tests individuels et statistiques,solidarites_droits_sociaux,Solidarités & droits sociaux
"proposition de loi visant à lutter contre les déserts médicaux, d'initiative transpartisane","proposition de loi visant à lutter contre les déserts médicaux, d'initiative transpartisane",sante_fin_de_vie,Santé & fin de vie
proposition de loi visant à maintenir le versement de l'allocation de soutien familial en cas de nouvelle relation amoureuse du parent bénéficiaire,proposition de loi visant à maintenir le versement de l'allocation de soutien familial en cas de nouvelle relation amoureuse du parent bénéficiaire,solidarites_droits_sociaux,Solidarités & droits sociaux
proposition de loi visant à maintenir les barrages hydroélectriques dans le domaine public et à créer un service public des énergies renouvelables,proposition de loi visant à maintenir les barrages hydroélectriques dans le domaine public et à créer un service public des énergies renouvelables,ecologie_energie_climat,"Écologie, énergie & climat"
proposition de loi visant à mettre en place un registre national des cancers,proposition de loi visant à mettre en place un registre national des cancers,sante_fin_de_vie,Santé & fin de vie
proposition de loi visant à mettre en place une imposition des sociétés plus juste et plus écologique,proposition de loi visant à mettre en place une imposition des sociétés plus juste et plus écologique,finances_fiscalite,Finances publiques & fiscalité
proposition de loi visant à mettre fin au devoir conjugal,proposition de loi visant à mettre fin au devoir conjugal,solidarites_droits_sociaux,Solidarités & droits sociaux
proposition de loi visant à mettre à contribution les ehpad privés à but lucratif réalisant des profits excessifs,proposition de loi visant à mettre à contribution les Ehpad privés à but lucratif réalisant des profits excessifs,sante_fin_de_vie,Santé & fin de vie
"proposition de loi visant à mieux concerter, informer et protéger les riverains de parcelles agricoles exposés aux pesticides de synthèse","proposition de loi visant à mieux concerter, informer et protéger les riverains de parcelles agricoles exposés aux pesticides de synthèse",agriculture_alimentation,Agriculture & alimentation
proposition de loi visant à mieux indemniser les dégâts sur les biens immobiliers causés par le retrait-gonflement de l'argile,proposition de loi visant à mieux indemniser les dégâts sur les biens immobiliers causés par le retrait-gonflement de l'argile,logement_urbanisme,Logement & urbanisme
proposition de loi visant à mieux protéger et accompagner les enfants victimes et covictimes de violences intrafamiliales,proposition de loi visant à mieux protéger et accompagner les enfants victimes et covictimes de violences intrafamiliales,education_enfance_jeunesse,"Éducation, enfance & jeunesse"
proposition de loi visant à mieux protéger les locataires bénéficiant d'une allocation de logement et vivant dans un habitat non-décent,proposition de loi visant à mieux protéger les locataires bénéficiant d'une allocation de logement et vivant dans un habitat non-décent,logement_urbanisme,Logement & urbanisme
proposition de loi visant à mieux protéger les écosystèmes marins,proposition de loi visant à mieux protéger les écosystèmes marins,ecologie_energie_climat,"Écologie, énergie & climat"
"proposition de loi visant à mieux reconnaître et protéger la liberté académique des enseignants-chercheurs, des enseignants et des chercheurs","proposition de loi visant à mieux reconnaître et protéger la liberté académique des enseignants-chercheurs, des enseignants et des chercheurs",education_enfance_jeunesse,"Éducation, enfance & jeunesse"
proposition de loi visant à moderniser la gestion du patrimoine immobilier de l'état,proposition de loi visant à moderniser la gestion du patrimoine immobilier de l'État,finances_fiscalite,Finances publiques & fiscalité
proposition de loi visant à modifier la définition pénale du viol et des agressions sexuelles,proposition de loi visant à modifier la définition pénale du viol et des agressions sexuelles,securite_justice_ordre_public,"Sécurité, justice & ordre public"
proposition de loi visant à orienter l'épargne des français vers des fonds souverains régionaux,proposition de loi visant à orienter l'épargne des Français vers des fonds souverains régionaux,finances_fiscalite,Finances publiques & fiscalité
"proposition de loi visant à permettre aux assemblées d'élus et aux différentes associations d'élus de se constituer partie civile pour soutenir pleinement, au pénal, une personne investie d'un mandat électif public victime d'agression","proposition de loi visant à permettre aux assemblées d'élus et aux différentes associations d'élus de se constituer partie civile pour soutenir pleinement, au pénal, une personne investie d'un mandat électif public victime d'agression",institutions_collectivites_outre_mer,"Institutions, collectivités & outre-mer"
proposition de loi visant à permettre aux salariés de certains établissements et services de travailler le 1er mai,proposition de loi visant à permettre aux salariés de certains établissements et services de travailler le 1er mai,travail_economie_entreprises,"Travail, économie & entreprises"
proposition de loi visant à permettre une gestion différenciée des compétences « eau » et « assainissement »,proposition de loi visant à permettre une gestion différenciée des compétences « eau » et « assainissement »,institutions_collectivites_outre_mer,"Institutions, collectivités & outre-mer"
proposition de loi visant à poursuivre l'expérimentation relative au travail à temps partagé aux fins d'employabilité,proposition de loi visant à poursuivre l'expérimentation relative au travail à temps partagé aux fins d'employabilité,travail_economie_entreprises,"Travail, économie & entreprises"
proposition de loi visant à prohiber l'achat de services sexuels virtuels personnalisés et à lutter contre le proxénétisme en ligne,proposition de loi visant à prohiber l'achat de services sexuels virtuels personnalisés et à lutter contre le proxénétisme en ligne,securite_justice_ordre_public,"Sécurité, justice & ordre public"
proposition de loi visant à prolonger la dérogation d'usage des titres-restaurant pour tout produit alimentaire,proposition de loi visant à prolonger la dérogation d'usage des titres-restaurant pour tout produit alimentaire,agriculture_alimentation,Agriculture & alimentation
proposition de loi visant à proroger la loi n° 2017-285 du 6 mars 2017 relative à l'assainissement cadastral et à la résorption du désordre de la propriété,proposition de loi visant à proroger la loi n° 2017-285 du 6 mars 2017 relative à l'assainissement cadastral et à la résorption du désordre de la propriété,logement_urbanisme,Logement & urbanisme
proposition de loi visant à protéger l'école de la république et les personnels qui y travaillent,proposition de loi visant à protéger l'école de la République et les personnels qui y travaillent,education_enfance_jeunesse,"Éducation, enfance & jeunesse"
proposition de loi visant à protéger la langue française des dérives de l'écriture dite inclusive,proposition de loi visant à protéger la langue française des dérives de l'écriture dite inclusive,numerique_medias_culture,"Numérique, médias & culture"
proposition de loi visant à protéger la population des risques liés aux substances perfluoroalkylées et polyfluoroalkylées,proposition de loi visant à protéger la population des risques liés aux substances perfluoroalkylées et polyfluoroalkylées,ecologie_energie_climat,"Écologie, énergie & climat"
proposition de loi visant à protéger le groupe électricité de france d'un démembrement,proposition de loi visant à protéger le groupe Électricité de France d'un démembrement,ecologie_energie_climat,"Écologie, énergie & climat"
proposition de loi visant à protéger les collectivités territoriales de la hausse des prix de l'énergie en leur permettant de bénéficier des tarifs réglementés de vente de l'énergie,proposition de loi visant à protéger les collectivités territoriales de la hausse des prix de l'énergie en leur permettant de bénéficier des tarifs réglementés de vente de l'énergie,ecologie_energie_climat,"Écologie, énergie & climat"
proposition de loi visant à protéger les jeunes mineurs des crimes sexuels,proposition de loi visant à protéger les jeunes mineurs des crimes sexuels,securite_justice_ordre_public,"Sécurité, justice & ordre public"
proposition de loi visant à protéger les logements contre l'occupation illicite,proposition de loi visant à protéger les logements contre l'occupation illicite,logement_urbanisme,Logement & urbanisme
proposition de loi visant à protéger les mineurs des risques auxquels les expose l'utilisation des réseaux sociaux,proposition de loi visant à protéger les mineurs des risques auxquels les expose l'utilisation des réseaux sociaux,numerique_medias_culture,"Numérique, médias & culture"
proposition de loi visant à préserver des sols vivants,proposition de loi visant à préserver des sols vivants,ecologie_energie_climat,"Écologie, énergie & climat"
proposition de loi visant à prévenir les ingérences étrangères en france,proposition de loi visant à prévenir les ingérences étrangères en France,defense_europe_affaires_etrangeres,"Défense, Europe & affaires étrangères"
proposition de loi visant à reconnaître la responsabilité de l'état et à indemniser les victimes du chlordécone,proposition de loi visant à reconnaître la responsabilité de l'État et à indemniser les victimes du chlordécone,solidarites_droits_sociaux,Solidarités & droits sociaux
"proposition de loi visant à reconnaître le préjudice subi par les personnes condamnées sur le fondement de la législation pénalisant l'avortement, et par toutes les femmes, avant la loi n° 75-17 du 17 janvier 1975 relative à l'interruption volontaire de la grossesse","proposition de loi visant à reconnaître le préjudice subi par les personnes condamnées sur le fondement de la législation pénalisant l'avortement, et par toutes les femmes, avant la loi n° 75-17 du 17 janvier 1975 relative à l'interruption volontaire de la grossesse",solidarites_droits_sociaux,Solidarités & droits sociaux
proposition de loi visant à reconnaître les victimes de l'exposition aux essais nucléaires français et à améliorer leur indemnisation,proposition de loi visant à reconnaître les victimes de l'exposition aux essais nucléaires français et à améliorer leur indemnisation,solidarites_droits_sociaux,Solidarités & droits sociaux
proposition de loi visant à remobiliser le bâti rural,proposition de loi visant à remobiliser le bâti rural,logement_urbanisme,Logement & urbanisme
proposition de loi visant à remédier aux déséquilibres du marché locatif,proposition de loi visant à remédier aux déséquilibres du marché locatif,logement_urbanisme,Logement & urbanisme
proposition de loi visant à renforcer et sécuriser le pouvoir préfectoral de dérogation afin d'adapter les normes aux territoires,proposition de loi visant à renforcer et sécuriser le pouvoir préfectoral de dérogation afin d'adapter les normes aux territoires,institutions_collectivites_outre_mer,"Institutions, collectivités & outre-mer"
proposition de loi visant à renforcer l'accessibilité et l'inclusion bancaires,proposition de loi visant à renforcer l'accessibilité et l'inclusion bancaires,solidarites_droits_sociaux,Solidarités & droits sociaux
proposition de loi visant à renforcer l'action des collectivités territoriales en matière de politique du logement,proposition de loi visant à renforcer l'action des collectivités territoriales en matière de politique du logement,logement_urbanisme,Logement & urbanisme
proposition de loi visant à renforcer l'indépendance des médias et à mieux protéger les journalistes,proposition de loi visant à renforcer l'indépendance des médias et à mieux protéger les journalistes,numerique_medias_culture,"Numérique, médias & culture"
proposition de loi visant à renforcer la lutte contre les usages détournés du protoxyde d'azote,proposition de loi visant à renforcer la lutte contre les usages détournés du protoxyde d'azote,sante_fin_de_vie,Santé & fin de vie
proposition de loi visant à renforcer la lutte contre les violences sexuelles et sexistes,proposition de loi visant à renforcer la lutte contre les violences sexuelles et sexistes,securite_justice_ordre_public,"Sécurité, justice & ordre public"
proposition de loi visant à renforcer la parité dans les fonctions électives et exécutives du bloc communal,proposition de loi visant à renforcer la parité dans les fonctions électives et exécutives du bloc communal,institutions_collectivites_outre_mer,"Institutions, collectivités & outre-mer"
proposition de loi visant à renforcer la protection des mineurs et l'honorabilité dans le sport,proposition de loi visant à renforcer la protection des mineurs et l'honorabilité dans le sport,education_enfance_jeunesse,"Éducation, enfance & jeunesse"
proposition de loi visant à renforcer la protection des ressources en eau potable contre les pollutions diffuses,proposition de loi visant à renforcer la protection des ressources en eau potable contre les pollutions diffuses,ecologie_energie_climat,"Écologie, énergie & climat"
proposition de loi visant à renforcer la prévention et la lutte contre l'intensification et l'extension du risque incendie (procédure accélérée),proposition de loi visant à renforcer la prévention et la lutte contre l'intensification et l'extension du risque incendie (procédure accélérée),ecologie_energie_climat,"Écologie, énergie & climat"
proposition de loi visant à renforcer la stabilité économique et la compétitivité du secteur agroalimentaire,proposition de loi visant à renforcer la stabilité économique et la compétitivité du secteur agroalimentaire,agriculture_alimentation,Agriculture & alimentation
proposition de loi visant à renforcer la sécurité des professionnels de santé,proposition de loi visant à renforcer la sécurité des professionnels de santé,sante_fin_de_vie,Santé & fin de vie
"proposition de loi visant à renforcer la sécurité, la rétention administrative et la prévention des risques d'attentat","proposition de loi visant à renforcer la sécurité, la rétention administrative et la prévention des risques d'attentat",securite_justice_ordre_public,"Sécurité, justice & ordre public"
proposition de loi visant à renforcer la voix des élus locaux au sein du service public de l'assainissement francilien,proposition de loi visant à renforcer la voix des élus locaux au sein du service public de l'assainissement francilien,institutions_collectivites_outre_mer,"Institutions, collectivités & outre-mer"
proposition de loi visant à renforcer le parcours inclusif des enfants à besoins éducatifs particuliers,proposition de loi visant à renforcer le parcours inclusif des enfants à besoins éducatifs particuliers,education_enfance_jeunesse,"Éducation, enfance & jeunesse"
proposition de loi visant à renforcer le rôle des maires dans l'attribution des logements sociaux,proposition de loi visant à renforcer le rôle des maires dans l'attribution des logements sociaux,logement_urbanisme,Logement & urbanisme
proposition de loi visant à renforcer le service civique,proposition de loi visant à renforcer le service civique,education_enfance_jeunesse,"Éducation, enfance & jeunesse"
proposition de loi visant à restaurer l'autorité de la justice à l'égard des mineurs délinquants et de leurs parents,proposition de loi visant à restaurer l'autorité de la justice à l'égard des mineurs délinquants et de leurs parents,securite_justice_ordre_public,"Sécurité, justice & ordre public"
proposition de loi visant à revaloriser le métier de secrétaire de mairie (procédure accélérée),proposition de loi visant à revaloriser le métier de secrétaire de mairie (procédure accélérée),institutions_collectivites_outre_mer,"Institutions, collectivités & outre-mer"
proposition de loi visant à revaloriser les métiers du travail social,proposition de loi visant à revaloriser les métiers du travail social,travail_economie_entreprises,"Travail, économie & entreprises"
proposition de loi visant à réduire l'impact environnemental de l'industrie textile,proposition de loi visant à réduire l'impact environnemental de l'industrie textile,ecologie_energie_climat,"Écologie, énergie & climat"
proposition de loi visant à réduire les retards de paiement afin de lutter contre les défaillances d'entreprises,proposition de loi visant à réduire les retards de paiement afin de lutter contre les défaillances d'entreprises,travail_economie_entreprises,"Travail, économie & entreprises"
proposition de loi visant à réformer la procédure d'octroi de la dotation d'équipement des territoires ruraux,proposition de loi visant à réformer la procédure d'octroi de la dotation d'équipement des territoires ruraux,institutions_collectivites_outre_mer,"Institutions, collectivités & outre-mer"
proposition de loi visant à réformer le mode d'élection des membres du conseil de paris et des conseils municipaux de lyon et de marseille,proposition de loi visant à réformer le mode d'élection des membres du conseil de Paris et des conseils municipaux de Lyon et de Marseille,institutions_collectivites_outre_mer,"Institutions, collectivités & outre-mer"
proposition de loi visant à réformer le mode d'élection des membres du conseil de paris et des conseils municipaux de lyon et marseille,proposition de loi visant à réformer le mode d'élection des membres du conseil de Paris et des conseils municipaux de Lyon et Marseille,institutions_collectivites_outre_mer,"Institutions, collectivités & outre-mer"
proposition de loi visant à régulariser le plui de la communauté de communes du bas chablais,proposition de loi visant à régulariser le PLUi de la Communauté de communes du Bas Chablais,logement_urbanisme,Logement & urbanisme
proposition de loi visant à réparer les préjudices causés par la transplantation de mineurs de la réunion en france hexagonale de 1962 à 1984,proposition de loi visant à réparer les préjudices causés par la transplantation de mineurs de La Réunion en France hexagonale de 1962 à 1984,institutions_collectivites_outre_mer,"Institutions, collectivités & outre-mer"
proposition de loi visant à résorber la précarité énergétique,proposition de loi visant à résorber la précarité énergétique,ecologie_energie_climat,"Écologie, énergie & climat"
proposition de loi visant à rétablir l'équité territoriale face aux déserts médicaux et à garantir l'accès à la santé pour tous,proposition de loi visant à rétablir l'équité territoriale face aux déserts médicaux et à garantir l'accès à la santé pour tous,sante_fin_de_vie,Santé & fin de vie
proposition de loi visant à se libérer de l'obligation alimentaire à l'égard d'un parent défaillant,proposition de loi visant à se libérer de l'obligation alimentaire à l'égard d'un parent défaillant,solidarites_droits_sociaux,Solidarités & droits sociaux
proposition de loi visant à sortir la france du piège du narcotrafic,proposition de loi visant à sortir la France du piège du narcotrafic,securite_justice_ordre_public,"Sécurité, justice & ordre public"
proposition de loi visant à soutenir et valoriser les commerces de proximité,proposition de loi visant à soutenir et valoriser les commerces de proximité,travail_economie_entreprises,"Travail, économie & entreprises"
proposition de loi visant à soutenir les collectivités territoriales dans la prévention et la gestion des inondations,proposition de loi visant à soutenir les collectivités territoriales dans la prévention et la gestion des inondations,ecologie_energie_climat,"Écologie, énergie & climat"
proposition de loi visant à supprimer la possibilité ouverte au dirigeant d'une entreprise de déposer une offre de rachat de l'entreprise après avoir organisé son dépôt de bilan,proposition de loi visant à supprimer la possibilité ouverte au dirigeant d'une entreprise de déposer une offre de rachat de l'entreprise après avoir organisé son dépôt de bilan,travail_economie_entreprises,"Travail, économie & entreprises"
proposition de loi visant à établir le droit à mourir dans la dignité,proposition de loi visant à établir le droit à mourir dans la dignité,sante_fin_de_vie,Santé & fin de vie
"proposition de loi, adoptée avec modifications par l'assemblée nationale en deuxième lecture, portant diverses mesures de justice sociale","proposition de loi, adoptée avec modifications par l'Assemblée nationale en deuxième lecture, portant diverses mesures de justice sociale",solidarites_droits_sociaux,Solidarités & droits sociaux
"proposition de loi, adoptée par l'assemblée nationale après engagement de la procédure accélérée, interdisant les pratiques visant à modifier l'orientation sexuelle ou l'identité de genre d'une personne","proposition de loi, adoptée par l'Assemblée nationale après engagement de la procédure accélérée, interdisant les pratiques visant à modifier l'orientation sexuelle ou l'identité de genre d'une personne",solidarites_droits_sociaux,Solidarités & droits sociaux
"proposition de loi, adoptée par l'assemblée nationale après engagement de la procédure accélérée, portant amélioration de l'accès aux soins par la confiance aux professionnels de santé","proposition de loi, adoptée par l'Assemblée nationale après engagement de la procédure accélérée, portant amélioration de l'accès aux soins par la confiance aux professionnels de santé",sante_fin_de_vie,Santé & fin de vie
"proposition de loi, adoptée par l'assemblée nationale après engagement de la procédure accélérée, portant fusion des filières à responsabilité élargie des producteurs d'emballages ménagers et des producteurs de papier","proposition de loi, adoptée par l'Assemblée nationale après engagement de la procédure accélérée, portant fusion des filières à responsabilité élargie des producteurs d'emballages ménagers et des producteurs de papier",ecologie_energie_climat,"Écologie, énergie & climat"
"proposition de loi, adoptée par l'assemblée nationale après engagement de la procédure accélérée, portant fusion des filières à responsabilité élargie des producteurs d'emballages ménagers et des producteurs de papier et amplification des encarts publicitaires destinés à informer le public sur la transition écologique","proposition de loi, adoptée par l'Assemblée nationale après engagement de la procédure accélérée, portant fusion des filières à responsabilité élargie des producteurs d'emballages ménagers et des producteurs de papier et amplification des encarts publicitaires destinés à informer le public sur la transition écologique",ecologie_energie_climat,"Écologie, énergie & climat"
"proposition de loi, adoptée par l'assemblée nationale après engagement de la procédure accélérée, portant mesures d'urgence pour assurer la régulation de l'accès au foncier agricole au travers de structures sociétaires","proposition de loi, adoptée par l'Assemblée nationale après engagement de la procédure accélérée, portant mesures d'urgence pour assurer la régulation de l'accès au foncier agricole au travers de structures sociétaires",agriculture_alimentation,Agriculture & alimentation
"proposition de loi, adoptée par l'assemblée nationale après engagement de la procédure accélérée, pour un accès plus juste, plus simple et plus transparent au marché de l'assurance emprunteur","proposition de loi, adoptée par l'Assemblée nationale après engagement de la procédure accélérée, pour un accès plus juste, plus simple et plus transparent au marché de l'assurance emprunteur",finances_fiscalite,Finances publiques & fiscalité
"proposition de loi, adoptée par l'assemblée nationale après engagement de la procédure accélérée, relative à la sécurité globale","proposition de loi, adoptée par l'Assemblée nationale après engagement de la procédure accélérée, relative à la sécurité globale",securite_justice_ordre_public,"Sécurité, justice & ordre public"
"proposition de loi, adoptée par l'assemblée nationale après engagement de la procédure accélérée, visant à améliorer la protection des lanceurs d'alerte","proposition de loi, adoptée par l'Assemblée nationale après engagement de la procédure accélérée, visant à améliorer la protection des lanceurs d'alerte",securite_justice_ordre_public,"Sécurité, justice & ordre public"
"proposition de loi, adoptée par l'assemblée nationale après engagement de la procédure accélérée, visant à améliorer le système de santé par la confiance et la simplification","proposition de loi, adoptée par l'Assemblée nationale après engagement de la procédure accélérée, visant à améliorer le système de santé par la confiance et la simplification",sante_fin_de_vie,Santé & fin de vie
"proposition de loi, adoptée par l'assemblée nationale après engagement de la procédure accélérée, visant à démocratiser le sport en france","proposition de loi, adoptée par l'Assemblée nationale après engagement de la procédure accélérée, visant à démocratiser le sport en France",education_enfance_jeunesse,"Éducation, enfance & jeunesse"
"proposition de loi, adoptée par l'assemblée nationale après engagement de la procédure accélérée, visant à encadrer l'influence commerciale et à lutter contre les dérives des influenceurs sur les réseaux sociaux","proposition de loi, adoptée par l'Assemblée nationale après engagement de la procédure accélérée, visant à encadrer l'influence commerciale et à lutter contre les dérives des influenceurs sur les réseaux sociaux",numerique_medias_culture,"Numérique, médias & culture"
"proposition de loi, adoptée par l'assemblée nationale après engagement de la procédure accélérée, visant à prolonger en 2024 l'utilisation des titres-restaurant pour des achats de produits alimentaires non directement consommables","proposition de loi, adoptée par l'Assemblée nationale après engagement de la procédure accélérée, visant à prolonger en 2024 l'utilisation des titres-restaurant pour des achats de produits alimentaires non directement consommables",travail_economie_entreprises,"Travail, économie & entreprises"
"proposition de loi, adoptée par l'assemblée nationale après engagement de la procédure accélérée, visant à renforcer la lutte contre la maltraitance animale","proposition de loi, adoptée par l'Assemblée nationale après engagement de la procédure accélérée, visant à renforcer la lutte contre la maltraitance animale",ecologie_energie_climat,"Écologie, énergie & climat"
"proposition de loi, adoptée par l'assemblée nationale, créant la fonction de directrice ou de directeur d'école","proposition de loi, adoptée par l'Assemblée nationale, créant la fonction de directrice ou de directeur d'école",education_enfance_jeunesse,"Éducation, enfance & jeunesse"
"proposition de loi, adoptée par l'assemblée nationale, relative à la protection patrimoniale des langues régionales et à leur promotion","proposition de loi, adoptée par l'Assemblée nationale, relative à la protection patrimoniale des langues régionales et à leur promotion",numerique_medias_culture,"Numérique, médias & culture"
"proposition de loi, adoptée par l'assemblée nationale, visant à assurer la revalorisation des pensions de retraites agricoles les plus faibles","proposition de loi, adoptée par l'Assemblée nationale, visant à assurer la revalorisation des pensions de retraites agricoles les plus faibles",solidarites_droits_sociaux,Solidarités & droits sociaux
"proposition de loi, adoptée par l'assemblée nationale, visant à favoriser l'accompagnement des couples confrontés à une fausse couche","proposition de loi, adoptée par l'Assemblée nationale, visant à favoriser l'accompagnement des couples confrontés à une fausse couche",sante_fin_de_vie,Santé & fin de vie
"proposition de loi, adoptée par l'assemblée nationale, visant à protéger le groupe électricité de france d'un démembrement","proposition de loi, adoptée par l'Assemblée nationale, visant à protéger le groupe Électricité de France d'un démembrement",ecologie_energie_climat,"Écologie, énergie & climat"
"proposition de loi, adoptée par l'assemblée nationale, visant à protéger les logements contre l'occupation illicite","proposition de loi, adoptée par l'Assemblée nationale, visant à protéger les logements contre l'occupation illicite",logement_urbanisme,Logement & urbanisme
"proposition de loi, adoptée par l'assemblée nationale, visant à réhabiliter les militaires « fusillés pour l'exemple » durant la première guerre mondiale","proposition de loi, adoptée par l'Assemblée nationale, visant à réhabiliter les militaires « fusillés pour l'exemple » durant la Première Guerre mondiale",defense_europe_affaires_etrangeres,"Défense, Europe & affaires étrangères"
"proposition de loi, modifiée par l'assemblée nationale en première lecture, relative aux bibliothèques et au développement de la lecture publique","proposition de loi, modifiée par l'Assemblée nationale en première lecture, relative aux bibliothèques et au développement de la lecture publique",numerique_medias_culture,"Numérique, médias & culture"
"proposition de loi, modifiée par l'assemblée nationale en première lecture, visant à conforter l'économie du livre et à renforcer l'équité et la confiance entre ses acteurs","proposition de loi, modifiée par l'Assemblée nationale en première lecture, visant à conforter l'économie du livre et à renforcer l'équité et la confiance entre ses acteurs",numerique_medias_culture,"Numérique, médias & culture"
"proposition de loi, modifiée par l'assemblée nationale en première lecture, visant à favoriser l'accès de tous les étudiants à une offre de restauration à tarif modéré","proposition de loi, modifiée par l'Assemblée nationale en première lecture, visant à favoriser l'accès de tous les étudiants à une offre de restauration à tarif modéré",education_enfance_jeunesse,"Éducation, enfance & jeunesse"
"proposition de loi, modifiée par l'assemblée nationale, visant à protéger les mineurs des crimes et délits sexuels et de l'inceste","proposition de loi, modifiée par l'Assemblée nationale, visant à protéger les mineurs des crimes et délits sexuels et de l'inceste",securite_justice_ordre_public,"Sécurité, justice & ordre public"
"proposition de résolution européenne en application de l'article 73 quinquies c du règlement, visant à demander au gouvernement français de saisir la cour de justice de l'union européenne pour empêcher la ratification de l'accord avec le mercosur","proposition de résolution européenne en application de l'article 73 quinquies C du Règlement, visant à demander au Gouvernement français de saisir la Cour de justice de l'Union européenne pour empêcher la ratification de l'accord avec le Mercosur",defense_europe_affaires_etrangeres,"Défense, Europe & affaires étrangères"
"proposition de résolution européenne en application de l'article 73 quinquies du règlement, sur l'avenir de l'agence européenne de garde-frontières et de garde-côtes (frontex)","proposition de résolution européenne en application de l'article 73 quinquies du Règlement, sur l'avenir de l'Agence européenne de garde-frontières et de garde-côtes (Frontex)",defense_europe_affaires_etrangeres,"Défense, Europe & affaires étrangères"
"proposition de résolution européenne, en application de l'article 73 quinquies c du règlement, visant à demander au gouvernement français de saisir la cour de justice de l'union européenne pour empêcher la ratification de l'accord avec le mercosur","proposition de résolution européenne, en application de l'article 73 quinquies C du Règlement, visant à demander au Gouvernement français de saisir la Cour de justice de l'Union européenne pour empêcher la ratification de l'accord avec le Mercosur",defense_europe_affaires_etrangeres,"Défense, Europe & affaires étrangères"
